timestamp,sensor_id,value
2024-01-15 00:00:00,TEMP01,19.9
2024-01-15 00:00:00,LUX01,0.0
2024-01-15 00:00:00,OCCU01,0.0
2024-01-15 00:15:00,TEMP01,19.39
2024-01-15 00:15:00,LUX01,0.0
2024-01-15 00:15:00,OCCU01,1.0
2024-01-15 00:30:00,TEMP01,20.02
2024-01-15 00:30:00,LUX01,0.0
2024-01-15 00:30:00,OCCU01,0.0
2024-01-15 00:45:00,TEMP01,20.72
2024-01-15 00:45:00,LUX01,0.0
2024-01-15 00:45:00,OCCU01,0.0
2024-01-15 01:00:00,TEMP01,19.31
2024-01-15 01:00:00,LUX01,0.0
2024-01-15 01:00:00,OCCU01,0.0
2024-01-15 01:15:00,TEMP01,19.31
2024-01-15 01:15:00,LUX01,0.0
2024-01-15 01:15:00,OCCU01,0.0
2024-01-15 01:30:00,TEMP01,20.76
2024-01-15 01:30:00,LUX01,0.0
2024-01-15 01:30:00,OCCU01,0.0
2024-01-15 01:45:00,TEMP01,20.11
2024-01-15 01:45:00,LUX01,0.0
2024-01-15 01:45:00,OCCU01,0.0
2024-01-15 02:00:00,TEMP01,19.12
2024-01-15 02:00:00,LUX01,0.0
2024-01-15 02:00:00,OCCU01,0.0
2024-01-15 02:15:00,TEMP01,19.93
2024-01-15 02:15:00,LUX01,0.0
2024-01-15 02:15:00,OCCU01,1.0
2024-01-15 02:30:00,TEMP01,19.13
2024-01-15 02:30:00,LUX01,0.0
2024-01-15 02:30:00,OCCU01,0.0
2024-01-15 02:45:00,TEMP01,19.13
2024-01-15 02:45:00,LUX01,0.0
2024-01-15 02:45:00,OCCU01,0.0
2024-01-15 03:00:00,TEMP01,19.69
2024-01-15 03:00:00,LUX01,0.0
2024-01-15 03:00:00,OCCU01,1.0
2024-01-15 03:15:00,TEMP01,17.97
2024-01-15 03:15:00,LUX01,0.0
2024-01-15 03:15:00,OCCU01,0.0
2024-01-15 03:30:00,TEMP01,18.12
2024-01-15 03:30:00,LUX01,0.0
2024-01-15 03:30:00,OCCU01,0.0
2024-01-15 03:45:00,TEMP01,19.05
2024-01-15 03:45:00,LUX01,0.0
2024-01-15 03:45:00,OCCU01,0.0
2024-01-15 04:00:00,TEMP01,18.69
2024-01-15 04:00:00,LUX01,0.0
2024-01-15 04:00:00,OCCU01,0.0
2024-01-15 04:15:00,TEMP01,19.75
2024-01-15 04:15:00,LUX01,0.0
2024-01-15 04:15:00,OCCU01,0.0
2024-01-15 04:30:00,TEMP01,18.77
2024-01-15 04:30:00,LUX01,0.0
2024-01-15 04:30:00,OCCU01,0.0
2024-01-15 04:45:00,TEMP01,18.37
2024-01-15 04:45:00,LUX01,0.0
2024-01-15 04:45:00,OCCU01,1.0
2024-01-15 05:00:00,TEMP01,20.67
2024-01-15 05:00:00,LUX01,0.0
2024-01-15 05:00:00,OCCU01,0.0
2024-01-15 05:15:00,TEMP01,19.32
2024-01-15 05:15:00,LUX01,0.0
2024-01-15 05:15:00,OCCU01,0.0
2024-01-15 05:30:00,TEMP01,19.55
2024-01-15 05:30:00,LUX01,0.0
2024-01-15 05:30:00,OCCU01,0.0
2024-01-15 05:45:00,TEMP01,18.36
2024-01-15 05:45:00,LUX01,0.0
2024-01-15 05:45:00,OCCU01,0.0
2024-01-15 06:00:00,TEMP01,19.06
2024-01-15 06:00:00,LUX01,0.0
2024-01-15 06:00:00,OCCU01,0.0
2024-01-15 06:15:00,TEMP01,19.59
2024-01-15 06:15:00,LUX01,62.5
2024-01-15 06:15:00,OCCU01,0.0
2024-01-15 06:30:00,TEMP01,18.58
2024-01-15 06:30:00,LUX01,125.0
2024-01-15 06:30:00,OCCU01,0.0
2024-01-15 06:45:00,TEMP01,19.8
2024-01-15 06:45:00,LUX01,187.5
2024-01-15 06:45:00,OCCU01,0.0
2024-01-15 07:00:00,TEMP01,22.02
2024-01-15 07:00:00,LUX01,250.0
2024-01-15 07:00:00,OCCU01,0.0
2024-01-15 07:15:00,TEMP01,22.27
2024-01-15 07:15:00,LUX01,312.5
2024-01-15 07:15:00,OCCU01,0.0
2024-01-15 07:30:00,TEMP01,22.02
2024-01-15 07:30:00,LUX01,375.0
2024-01-15 07:30:00,OCCU01,0.0
2024-01-15 07:45:00,TEMP01,23.98
2024-01-15 07:45:00,LUX01,437.5
2024-01-15 07:45:00,OCCU01,0.0
2024-01-15 08:00:00,TEMP01,22.49
2024-01-15 08:00:00,LUX01,500.0
2024-01-15 08:00:00,OCCU01,0.0
2024-01-15 08:15:00,TEMP01,21.65
2024-01-15 08:15:00,LUX01,119.59
2024-01-15 08:15:00,OCCU01,0.0
2024-01-15 08:30:00,TEMP01,21.52
2024-01-15 08:30:00,LUX01,166.88
2024-01-15 08:30:00,OCCU01,0.0
2024-01-15 08:45:00,TEMP01,20.93
2024-01-15 08:45:00,LUX01,167.04
2024-01-15 08:45:00,OCCU01,0.0
2024-01-15 09:00:00,TEMP01,21.66
2024-01-15 09:00:00,LUX01,345.94
2024-01-15 09:00:00,OCCU01,1.0
2024-01-15 09:15:00,TEMP01,21.64
2024-01-15 09:15:00,LUX01,376.9
2024-01-15 09:15:00,OCCU01,1.0
2024-01-15 09:30:00,TEMP01,21.26
2024-01-15 09:30:00,LUX01,380.06
2024-01-15 09:30:00,OCCU01,1.0
2024-01-15 09:45:00,TEMP01,20.92
2024-01-15 09:45:00,LUX01,499.47
2024-01-15 09:45:00,OCCU01,1.0
2024-01-15 10:00:00,TEMP01,23.54
2024-01-15 10:00:00,LUX01,604.97
2024-01-15 10:00:00,OCCU01,1.0
2024-01-15 10:15:00,TEMP01,21.29
2024-01-15 10:15:00,LUX01,665.65
2024-01-15 10:15:00,OCCU01,1.0
2024-01-15 10:30:00,TEMP01,22.39
2024-01-15 10:30:00,LUX01,673.26
2024-01-15 10:30:00,OCCU01,1.0
2024-01-15 10:45:00,TEMP01,23.19
2024-01-15 10:45:00,LUX01,811.96
2024-01-15 10:45:00,OCCU01,1.0
2024-01-15 11:00:00,TEMP01,24.49
2024-01-15 11:00:00,LUX01,767.06
2024-01-15 11:00:00,OCCU01,1.0
2024-01-15 11:15:00,TEMP01,23.5
2024-01-15 11:15:00,LUX01,869.2
2024-01-15 11:15:00,OCCU01,1.0
2024-01-15 11:30:00,TEMP01,24.53
2024-01-15 11:30:00,LUX01,867.05
2024-01-15 11:30:00,OCCU01,1.0
2024-01-15 11:45:00,TEMP01,23.6
2024-01-15 11:45:00,LUX01,868.56
2024-01-15 11:45:00,OCCU01,1.0
2024-01-15 12:00:00,TEMP01,23.57
2024-01-15 12:00:00,LUX01,991.68
2024-01-15 12:00:00,OCCU01,1.0
2024-01-15 12:15:00,TEMP01,25.62
2024-01-15 12:15:00,LUX01,968.77
2024-01-15 12:15:00,OCCU01,1.0
2024-01-15 12:30:00,TEMP01,25.33
2024-01-15 12:30:00,LUX01,1005.77
2024-01-15 12:30:00,OCCU01,1.0
2024-01-15 12:45:00,TEMP01,24.01
2024-01-15 12:45:00,LUX01,1014.99
2024-01-15 12:45:00,OCCU01,1.0
2024-01-15 13:00:00,TEMP01,26.18
2024-01-15 13:00:00,LUX01,998.21
2024-01-15 13:00:00,OCCU01,1.0
2024-01-15 13:15:00,TEMP01,26.2
2024-01-15 13:15:00,LUX01,865.93
2024-01-15 13:15:00,OCCU01,1.0
2024-01-15 13:30:00,TEMP01,25.6
2024-01-15 13:30:00,LUX01,992.04
2024-01-15 13:30:00,OCCU01,1.0
2024-01-15 13:45:00,TEMP01,24.71
2024-01-15 13:45:00,LUX01,976.96
2024-01-15 13:45:00,OCCU01,1.0
2024-01-15 14:00:00,TEMP01,23.36
2024-01-15 14:00:00,LUX01,940.07
2024-01-15 14:00:00,OCCU01,1.0
2024-01-15 14:15:00,TEMP01,25.23
2024-01-15 14:15:00,LUX01,997.77
2024-01-15 14:15:00,OCCU01,1.0
2024-01-15 14:30:00,TEMP01,24.53
2024-01-15 14:30:00,LUX01,850.58
2024-01-15 14:30:00,OCCU01,1.0
2024-01-15 14:45:00,TEMP01,24.55
2024-01-15 14:45:00,LUX01,898.41
2024-01-15 14:45:00,OCCU01,1.0
2024-01-15 15:00:00,TEMP01,24.79
2024-01-15 15:00:00,LUX01,782.53
2024-01-15 15:00:00,OCCU01,0.0
2024-01-15 15:15:00,TEMP01,24.94
2024-01-15 15:15:00,LUX01,765.26
2024-01-15 15:15:00,OCCU01,1.0
2024-01-15 15:30:00,TEMP01,25.31
2024-01-15 15:30:00,LUX01,672.0
2024-01-15 15:30:00,OCCU01,1.0
2024-01-15 15:45:00,TEMP01,24.27
2024-01-15 15:45:00,LUX01,629.84
2024-01-15 15:45:00,OCCU01,1.0
2024-01-15 16:00:00,TEMP01,22.58
2024-01-15 16:00:00,LUX01,602.59
2024-01-15 16:00:00,OCCU01,1.0
2024-01-15 16:15:00,TEMP01,23.96
2024-01-15 16:15:00,LUX01,522.75
2024-01-15 16:15:00,OCCU01,1.0
2024-01-15 16:30:00,TEMP01,23.56
2024-01-15 16:30:00,LUX01,383.22
2024-01-15 16:30:00,OCCU01,1.0
2024-01-15 16:45:00,TEMP01,23.41
2024-01-15 16:45:00,LUX01,365.55
2024-01-15 16:45:00,OCCU01,1.0
2024-01-15 17:00:00,TEMP01,22.06
2024-01-15 17:00:00,LUX01,300.95
2024-01-15 17:00:00,OCCU01,1.0
2024-01-15 17:15:00,TEMP01,23.02
2024-01-15 17:15:00,LUX01,327.75
2024-01-15 17:15:00,OCCU01,1.0
2024-01-15 17:30:00,TEMP01,22.84
2024-01-15 17:30:00,LUX01,169.31
2024-01-15 17:30:00,OCCU01,1.0
2024-01-15 17:45:00,TEMP01,22.64
2024-01-15 17:45:00,LUX01,0.0
2024-01-15 17:45:00,OCCU01,1.0
2024-01-15 18:00:00,TEMP01,21.48
2024-01-15 18:00:00,LUX01,500.0
2024-01-15 18:00:00,OCCU01,0.0
2024-01-15 18:15:00,TEMP01,21.55
2024-01-15 18:15:00,LUX01,437.5
2024-01-15 18:15:00,OCCU01,0.0
2024-01-15 18:30:00,TEMP01,23.47
2024-01-15 18:30:00,LUX01,375.0
2024-01-15 18:30:00,OCCU01,0.0
2024-01-15 18:45:00,TEMP01,21.35
2024-01-15 18:45:00,LUX01,312.5
2024-01-15 18:45:00,OCCU01,0.0
2024-01-15 19:00:00,TEMP01,19.74
2024-01-15 19:00:00,LUX01,250.0
2024-01-15 19:00:00,OCCU01,0.0
2024-01-15 19:15:00,TEMP01,19.47
2024-01-15 19:15:00,LUX01,187.5
2024-01-15 19:15:00,OCCU01,0.0
2024-01-15 19:30:00,TEMP01,18.57
2024-01-15 19:30:00,LUX01,125.0
2024-01-15 19:30:00,OCCU01,0.0
2024-01-15 19:45:00,TEMP01,20.41
2024-01-15 19:45:00,LUX01,62.5
2024-01-15 19:45:00,OCCU01,0.0
2024-01-15 20:00:00,TEMP01,20.1
2024-01-15 20:00:00,LUX01,0.0
2024-01-15 20:00:00,OCCU01,0.0
2024-01-15 20:15:00,TEMP01,20.13
2024-01-15 20:15:00,LUX01,0.0
2024-01-15 20:15:00,OCCU01,0.0
2024-01-15 20:30:00,TEMP01,18.77
2024-01-15 20:30:00,LUX01,0.0
2024-01-15 20:30:00,OCCU01,0.0
2024-01-15 20:45:00,TEMP01,20.62
2024-01-15 20:45:00,LUX01,0.0
2024-01-15 20:45:00,OCCU01,0.0
2024-01-15 21:00:00,TEMP01,18.38
2024-01-15 21:00:00,LUX01,0.0
2024-01-15 21:00:00,OCCU01,0.0
2024-01-15 21:15:00,TEMP01,19.97
2024-01-15 21:15:00,LUX01,0.0
2024-01-15 21:15:00,OCCU01,0.0
2024-01-15 21:30:00,TEMP01,21.25
2024-01-15 21:30:00,LUX01,0.0
2024-01-15 21:30:00,OCCU01,0.0
2024-01-15 21:45:00,TEMP01,18.71
2024-01-15 21:45:00,LUX01,0.0
2024-01-15 21:45:00,OCCU01,0.0
2024-01-15 22:00:00,TEMP01,19.05
2024-01-15 22:00:00,LUX01,0.0
2024-01-15 22:00:00,OCCU01,0.0
2024-01-15 22:15:00,TEMP01,19.58
2024-01-15 22:15:00,LUX01,0.0
2024-01-15 22:15:00,OCCU01,1.0
2024-01-15 22:30:00,TEMP01,19.1
2024-01-15 22:30:00,LUX01,0.0
2024-01-15 22:30:00,OCCU01,0.0
2024-01-15 22:45:00,TEMP01,18.26
2024-01-15 22:45:00,LUX01,0.0
2024-01-15 22:45:00,OCCU01,0.0
2024-01-15 23:00:00,TEMP01,19.55
2024-01-15 23:00:00,LUX01,0.0
2024-01-15 23:00:00,OCCU01,0.0
2024-01-15 23:15:00,TEMP01,18.65
2024-01-15 23:15:00,LUX01,0.0
2024-01-15 23:15:00,OCCU01,0.0
2024-01-15 23:30:00,TEMP01,19.88
2024-01-15 23:30:00,LUX01,0.0
2024-01-15 23:30:00,OCCU01,0.0
2024-01-15 23:45:00,TEMP01,18.76
2024-01-15 23:45:00,LUX01,0.0
2024-01-15 23:45:00,OCCU01,0.0
2024-01-16 00:00:00,TEMP01,20.74
2024-01-16 00:00:00,LUX01,0.0
2024-01-16 00:00:00,OCCU01,0.0
2024-01-16 00:15:00,TEMP01,18.87
2024-01-16 00:15:00,LUX01,0.0
2024-01-16 00:15:00,OCCU01,0.0
2024-01-16 00:30:00,TEMP01,19.24
2024-01-16 00:30:00,LUX01,0.0
2024-01-16 00:30:00,OCCU01,0.0
2024-01-16 00:45:00,TEMP01,20.15
2024-01-16 00:45:00,LUX01,0.0
2024-01-16 00:45:00,OCCU01,0.0
2024-01-16 01:00:00,TEMP01,18.52
2024-01-16 01:00:00,LUX01,0.0
2024-01-16 01:00:00,OCCU01,1.0
2024-01-16 01:15:00,TEMP01,19.68
2024-01-16 01:15:00,LUX01,0.0
2024-01-16 01:15:00,OCCU01,0.0
2024-01-16 01:30:00,TEMP01,20.55
2024-01-16 01:30:00,LUX01,0.0
2024-01-16 01:30:00,OCCU01,0.0
2024-01-16 01:45:00,TEMP01,18.21
2024-01-16 01:45:00,LUX01,0.0
2024-01-16 01:45:00,OCCU01,0.0
2024-01-16 02:00:00,TEMP01,19.65
2024-01-16 02:00:00,LUX01,0.0
2024-01-16 02:00:00,OCCU01,0.0
2024-01-16 02:15:00,TEMP01,19.71
2024-01-16 02:15:00,LUX01,0.0
2024-01-16 02:15:00,OCCU01,0.0
2024-01-16 02:30:00,TEMP01,20.13
2024-01-16 02:30:00,LUX01,0.0
2024-01-16 02:30:00,OCCU01,0.0
2024-01-16 02:45:00,TEMP01,18.51
2024-01-16 02:45:00,LUX01,0.0
2024-01-16 02:45:00,OCCU01,0.0
2024-01-16 03:00:00,TEMP01,18.44
2024-01-16 03:00:00,LUX01,0.0
2024-01-16 03:00:00,OCCU01,0.0
2024-01-16 03:15:00,TEMP01,19.92
2024-01-16 03:15:00,LUX01,0.0
2024-01-16 03:15:00,OCCU01,0.0
2024-01-16 03:30:00,TEMP01,19.74
2024-01-16 03:30:00,LUX01,0.0
2024-01-16 03:30:00,OCCU01,0.0
2024-01-16 03:45:00,TEMP01,19.7
2024-01-16 03:45:00,LUX01,0.0
2024-01-16 03:45:00,OCCU01,0.0
2024-01-16 04:00:00,TEMP01,19.78
2024-01-16 04:00:00,LUX01,0.0
2024-01-16 04:00:00,OCCU01,0.0
2024-01-16 04:15:00,TEMP01,18.96
2024-01-16 04:15:00,LUX01,0.0
2024-01-16 04:15:00,OCCU01,0.0
2024-01-16 04:30:00,TEMP01,19.69
2024-01-16 04:30:00,LUX01,0.0
2024-01-16 04:30:00,OCCU01,0.0
2024-01-16 04:45:00,TEMP01,19.73
2024-01-16 04:45:00,LUX01,0.0
2024-01-16 04:45:00,OCCU01,0.0
2024-01-16 05:00:00,TEMP01,18.93
2024-01-16 05:00:00,LUX01,0.0
2024-01-16 05:00:00,OCCU01,0.0
2024-01-16 05:15:00,TEMP01,20.99
2024-01-16 05:15:00,LUX01,0.0
2024-01-16 05:15:00,OCCU01,0.0
2024-01-16 05:30:00,TEMP01,19.88
2024-01-16 05:30:00,LUX01,0.0
2024-01-16 05:30:00,OCCU01,0.0
2024-01-16 05:45:00,TEMP01,18.55
2024-01-16 05:45:00,LUX01,0.0
2024-01-16 05:45:00,OCCU01,0.0
2024-01-16 06:00:00,TEMP01,20.03
2024-01-16 06:00:00,LUX01,0.0
2024-01-16 06:00:00,OCCU01,0.0
2024-01-16 06:15:00,TEMP01,18.72
2024-01-16 06:15:00,LUX01,62.5
2024-01-16 06:15:00,OCCU01,0.0
2024-01-16 06:30:00,TEMP01,20.13
2024-01-16 06:30:00,LUX01,125.0
2024-01-16 06:30:00,OCCU01,0.0
2024-01-16 06:45:00,TEMP01,20.43
2024-01-16 06:45:00,LUX01,187.5
2024-01-16 06:45:00,OCCU01,0.0
2024-01-16 07:00:00,TEMP01,21.84
2024-01-16 07:00:00,LUX01,250.0
2024-01-16 07:00:00,OCCU01,1.0
2024-01-16 07:15:00,TEMP01,23.27
2024-01-16 07:15:00,LUX01,312.5
2024-01-16 07:15:00,OCCU01,0.0
2024-01-16 07:30:00,TEMP01,22.83
2024-01-16 07:30:00,LUX01,375.0
2024-01-16 07:30:00,OCCU01,1.0
2024-01-16 07:45:00,TEMP01,23.16
2024-01-16 07:45:00,LUX01,437.5
2024-01-16 07:45:00,OCCU01,0.0
2024-01-16 08:00:00,TEMP01,24.02
2024-01-16 08:00:00,LUX01,500.0
2024-01-16 08:00:00,OCCU01,0.0
2024-01-16 08:15:00,TEMP01,22.3
2024-01-16 08:15:00,LUX01,40.77
2024-01-16 08:15:00,OCCU01,0.0
2024-01-16 08:30:00,TEMP01,21.79
2024-01-16 08:30:00,LUX01,115.64
2024-01-16 08:30:00,OCCU01,0.0
2024-01-16 08:45:00,TEMP01,22.44
2024-01-16 08:45:00,LUX01,250.5
2024-01-16 08:45:00,OCCU01,0.0
2024-01-16 09:00:00,TEMP01,21.72
2024-01-16 09:00:00,LUX01,350.38
2024-01-16 09:00:00,OCCU01,1.0
2024-01-16 09:15:00,TEMP01,21.51
2024-01-16 09:15:00,LUX01,455.36
2024-01-16 09:15:00,OCCU01,1.0
2024-01-16 09:30:00,TEMP01,21.29
2024-01-16 09:30:00,LUX01,590.0
2024-01-16 09:30:00,OCCU01,1.0
2024-01-16 09:45:00,TEMP01,22.0
2024-01-16 09:45:00,LUX01,479.64
2024-01-16 09:45:00,OCCU01,1.0
2024-01-16 10:00:00,TEMP01,21.84
2024-01-16 10:00:00,LUX01,611.91
2024-01-16 10:00:00,OCCU01,1.0
2024-01-16 10:15:00,TEMP01,22.52
2024-01-16 10:15:00,LUX01,685.15
2024-01-16 10:15:00,OCCU01,1.0
2024-01-16 10:30:00,TEMP01,23.08
2024-01-16 10:30:00,LUX01,703.47
2024-01-16 10:30:00,OCCU01,1.0
2024-01-16 10:45:00,TEMP01,22.02
2024-01-16 10:45:00,LUX01,684.66
2024-01-16 10:45:00,OCCU01,1.0
2024-01-16 11:00:00,TEMP01,23.39
2024-01-16 11:00:00,LUX01,851.84
2024-01-16 11:00:00,OCCU01,1.0
2024-01-16 11:15:00,TEMP01,23.92
2024-01-16 11:15:00,LUX01,790.35
2024-01-16 11:15:00,OCCU01,1.0
2024-01-16 11:30:00,TEMP01,23.89
2024-01-16 11:30:00,LUX01,910.27
2024-01-16 11:30:00,OCCU01,1.0
2024-01-16 11:45:00,TEMP01,23.04
2024-01-16 11:45:00,LUX01,931.57
2024-01-16 11:45:00,OCCU01,1.0
2024-01-16 12:00:00,TEMP01,24.58
2024-01-16 12:00:00,LUX01,893.91
2024-01-16 12:00:00,OCCU01,1.0
2024-01-16 12:15:00,TEMP01,24.82
2024-01-16 12:15:00,LUX01,1000.41
2024-01-16 12:15:00,OCCU01,1.0
2024-01-16 12:30:00,TEMP01,25.4
2024-01-16 12:30:00,LUX01,1040.38
2024-01-16 12:30:00,OCCU01,1.0
2024-01-16 12:45:00,TEMP01,23.43
2024-01-16 12:45:00,LUX01,950.03
2024-01-16 12:45:00,OCCU01,1.0
2024-01-16 13:00:00,TEMP01,25.36
2024-01-16 13:00:00,LUX01,1025.69
2024-01-16 13:00:00,OCCU01,1.0
2024-01-16 13:15:00,TEMP01,25.36
2024-01-16 13:15:00,LUX01,1189.55
2024-01-16 13:15:00,OCCU01,1.0
2024-01-16 13:30:00,TEMP01,25.4
2024-01-16 13:30:00,LUX01,1044.47
2024-01-16 13:30:00,OCCU01,0.0
2024-01-16 13:45:00,TEMP01,25.71
2024-01-16 13:45:00,LUX01,1004.94
2024-01-16 13:45:00,OCCU01,1.0
2024-01-16 14:00:00,TEMP01,24.69
2024-01-16 14:00:00,LUX01,989.0
2024-01-16 14:00:00,OCCU01,1.0
2024-01-16 14:15:00,TEMP01,24.33
2024-01-16 14:15:00,LUX01,912.04
2024-01-16 14:15:00,OCCU01,1.0
2024-01-16 14:30:00,TEMP01,24.56
2024-01-16 14:30:00,LUX01,895.1
2024-01-16 14:30:00,OCCU01,1.0
2024-01-16 14:45:00,TEMP01,26.8
2024-01-16 14:45:00,LUX01,759.28
2024-01-16 14:45:00,OCCU01,1.0
2024-01-16 15:00:00,TEMP01,25.08
2024-01-16 15:00:00,LUX01,728.38
2024-01-16 15:00:00,OCCU01,1.0
2024-01-16 15:15:00,TEMP01,24.15
2024-01-16 15:15:00,LUX01,814.85
2024-01-16 15:15:00,OCCU01,1.0
2024-01-16 15:30:00,TEMP01,24.58
2024-01-16 15:30:00,LUX01,653.22
2024-01-16 15:30:00,OCCU01,1.0
2024-01-16 15:45:00,TEMP01,23.96
2024-01-16 15:45:00,LUX01,683.43
2024-01-16 15:45:00,OCCU01,1.0
2024-01-16 16:00:00,TEMP01,23.17
2024-01-16 16:00:00,LUX01,598.61
2024-01-16 16:00:00,OCCU01,1.0
2024-01-16 16:15:00,TEMP01,23.79
2024-01-16 16:15:00,LUX01,489.92
2024-01-16 16:15:00,OCCU01,1.0
2024-01-16 16:30:00,TEMP01,25.46
2024-01-16 16:30:00,LUX01,485.69
2024-01-16 16:30:00,OCCU01,1.0
2024-01-16 16:45:00,TEMP01,22.13
2024-01-16 16:45:00,LUX01,392.01
2024-01-16 16:45:00,OCCU01,1.0
2024-01-16 17:00:00,TEMP01,22.17
2024-01-16 17:00:00,LUX01,351.64
2024-01-16 17:00:00,OCCU01,1.0
2024-01-16 17:15:00,TEMP01,22.06
2024-01-16 17:15:00,LUX01,227.71
2024-01-16 17:15:00,OCCU01,1.0
2024-01-16 17:30:00,TEMP01,23.1
2024-01-16 17:30:00,LUX01,199.72
2024-01-16 17:30:00,OCCU01,1.0
2024-01-16 17:45:00,TEMP01,21.74
2024-01-16 17:45:00,LUX01,61.73
2024-01-16 17:45:00,OCCU01,1.0
2024-01-16 18:00:00,TEMP01,21.12
2024-01-16 18:00:00,LUX01,500.0
2024-01-16 18:00:00,OCCU01,0.0
2024-01-16 18:15:00,TEMP01,20.98
2024-01-16 18:15:00,LUX01,437.5
2024-01-16 18:15:00,OCCU01,0.0
2024-01-16 18:30:00,TEMP01,22.91
2024-01-16 18:30:00,LUX01,375.0
2024-01-16 18:30:00,OCCU01,0.0
2024-01-16 18:45:00,TEMP01,21.82
2024-01-16 18:45:00,LUX01,312.5
2024-01-16 18:45:00,OCCU01,0.0
2024-01-16 19:00:00,TEMP01,18.49
2024-01-16 19:00:00,LUX01,250.0
2024-01-16 19:00:00,OCCU01,0.0
2024-01-16 19:15:00,TEMP01,20.23
2024-01-16 19:15:00,LUX01,187.5
2024-01-16 19:15:00,OCCU01,0.0
2024-01-16 19:30:00,TEMP01,21.2
2024-01-16 19:30:00,LUX01,125.0
2024-01-16 19:30:00,OCCU01,0.0
2024-01-16 19:45:00,TEMP01,20.33
2024-01-16 19:45:00,LUX01,62.5
2024-01-16 19:45:00,OCCU01,0.0
2024-01-16 20:00:00,TEMP01,18.28
2024-01-16 20:00:00,LUX01,0.0
2024-01-16 20:00:00,OCCU01,0.0
2024-01-16 20:15:00,TEMP01,19.11
2024-01-16 20:15:00,LUX01,0.0
2024-01-16 20:15:00,OCCU01,0.0
2024-01-16 20:30:00,TEMP01,20.51
2024-01-16 20:30:00,LUX01,0.0
2024-01-16 20:30:00,OCCU01,0.0
2024-01-16 20:45:00,TEMP01,18.93
2024-01-16 20:45:00,LUX01,0.0
2024-01-16 20:45:00,OCCU01,0.0
2024-01-16 21:00:00,TEMP01,19.86
2024-01-16 21:00:00,LUX01,0.0
2024-01-16 21:00:00,OCCU01,0.0
2024-01-16 21:15:00,TEMP01,20.12
2024-01-16 21:15:00,LUX01,0.0
2024-01-16 21:15:00,OCCU01,0.0
2024-01-16 21:30:00,TEMP01,18.76
2024-01-16 21:30:00,LUX01,0.0
2024-01-16 21:30:00,OCCU01,0.0
2024-01-16 21:45:00,TEMP01,19.45
2024-01-16 21:45:00,LUX01,0.0
2024-01-16 21:45:00,OCCU01,0.0
2024-01-16 22:00:00,TEMP01,16.91
2024-01-16 22:00:00,LUX01,0.0
2024-01-16 22:00:00,OCCU01,0.0
2024-01-16 22:15:00,TEMP01,18.68
2024-01-16 22:15:00,LUX01,0.0
2024-01-16 22:15:00,OCCU01,0.0
2024-01-16 22:30:00,TEMP01,19.3
2024-01-16 22:30:00,LUX01,0.0
2024-01-16 22:30:00,OCCU01,0.0
2024-01-16 22:45:00,TEMP01,18.5
2024-01-16 22:45:00,LUX01,0.0
2024-01-16 22:45:00,OCCU01,0.0
2024-01-16 23:00:00,TEMP01,20.81
2024-01-16 23:00:00,LUX01,0.0
2024-01-16 23:00:00,OCCU01,0.0
2024-01-16 23:15:00,TEMP01,18.36
2024-01-16 23:15:00,LUX01,0.0
2024-01-16 23:15:00,OCCU01,0.0
2024-01-16 23:30:00,TEMP01,19.15
2024-01-16 23:30:00,LUX01,0.0
2024-01-16 23:30:00,OCCU01,0.0
2024-01-16 23:45:00,TEMP01,19.6
2024-01-16 23:45:00,LUX01,0.0
2024-01-16 23:45:00,OCCU01,0.0
2024-01-17 00:00:00,TEMP01,20.65
2024-01-17 00:00:00,LUX01,0.0
2024-01-17 00:00:00,OCCU01,0.0
2024-01-17 00:15:00,TEMP01,18.35
2024-01-17 00:15:00,LUX01,0.0
2024-01-17 00:15:00,OCCU01,0.0
2024-01-17 00:30:00,TEMP01,20.43
2024-01-17 00:30:00,LUX01,0.0
2024-01-17 00:30:00,OCCU01,0.0
2024-01-17 00:45:00,TEMP01,19.51
2024-01-17 00:45:00,LUX01,0.0
2024-01-17 00:45:00,OCCU01,0.0
2024-01-17 01:00:00,TEMP01,18.71
2024-01-17 01:00:00,LUX01,0.0
2024-01-17 01:00:00,OCCU01,0.0
2024-01-17 01:15:00,TEMP01,19.87
2024-01-17 01:15:00,LUX01,0.0
2024-01-17 01:15:00,OCCU01,0.0
2024-01-17 01:30:00,TEMP01,19.66
2024-01-17 01:30:00,LUX01,0.0
2024-01-17 01:30:00,OCCU01,0.0
2024-01-17 01:45:00,TEMP01,19.02
2024-01-17 01:45:00,LUX01,0.0
2024-01-17 01:45:00,OCCU01,0.0
2024-01-17 02:00:00,TEMP01,19.56
2024-01-17 02:00:00,LUX01,0.0
2024-01-17 02:00:00,OCCU01,0.0
2024-01-17 02:15:00,TEMP01,19.19
2024-01-17 02:15:00,LUX01,0.0
2024-01-17 02:15:00,OCCU01,0.0
2024-01-17 02:30:00,TEMP01,19.59
2024-01-17 02:30:00,LUX01,0.0
2024-01-17 02:30:00,OCCU01,0.0
2024-01-17 02:45:00,TEMP01,20.03
2024-01-17 02:45:00,LUX01,0.0
2024-01-17 02:45:00,OCCU01,0.0
2024-01-17 03:00:00,TEMP01,20.77
2024-01-17 03:00:00,LUX01,0.0
2024-01-17 03:00:00,OCCU01,0.0
2024-01-17 03:15:00,TEMP01,18.51
2024-01-17 03:15:00,LUX01,0.0
2024-01-17 03:15:00,OCCU01,0.0
2024-01-17 03:30:00,TEMP01,21.21
2024-01-17 03:30:00,LUX01,0.0
2024-01-17 03:30:00,OCCU01,0.0
2024-01-17 03:45:00,TEMP01,17.94
2024-01-17 03:45:00,LUX01,0.0
2024-01-17 03:45:00,OCCU01,0.0
2024-01-17 04:00:00,TEMP01,19.38
2024-01-17 04:00:00,LUX01,0.0
2024-01-17 04:00:00,OCCU01,0.0
2024-01-17 04:15:00,TEMP01,19.97
2024-01-17 04:15:00,LUX01,0.0
2024-01-17 04:15:00,OCCU01,0.0
2024-01-17 04:30:00,TEMP01,19.72
2024-01-17 04:30:00,LUX01,0.0
2024-01-17 04:30:00,OCCU01,0.0
2024-01-17 04:45:00,TEMP01,19.0
2024-01-17 04:45:00,LUX01,0.0
2024-01-17 04:45:00,OCCU01,0.0
2024-01-17 05:00:00,TEMP01,19.33
2024-01-17 05:00:00,LUX01,0.0
2024-01-17 05:00:00,OCCU01,0.0
2024-01-17 05:15:00,TEMP01,19.11
2024-01-17 05:15:00,LUX01,0.0
2024-01-17 05:15:00,OCCU01,0.0
2024-01-17 05:30:00,TEMP01,19.03
2024-01-17 05:30:00,LUX01,0.0
2024-01-17 05:30:00,OCCU01,0.0
2024-01-17 05:45:00,TEMP01,20.18
2024-01-17 05:45:00,LUX01,0.0
2024-01-17 05:45:00,OCCU01,0.0
2024-01-17 06:00:00,TEMP01,19.79
2024-01-17 06:00:00,LUX01,0.0
2024-01-17 06:00:00,OCCU01,0.0
2024-01-17 06:15:00,TEMP01,18.95
2024-01-17 06:15:00,LUX01,62.5
2024-01-17 06:15:00,OCCU01,0.0
2024-01-17 06:30:00,TEMP01,20.22
2024-01-17 06:30:00,LUX01,125.0
2024-01-17 06:30:00,OCCU01,0.0
2024-01-17 06:45:00,TEMP01,19.75
2024-01-17 06:45:00,LUX01,187.5
2024-01-17 06:45:00,OCCU01,0.0
2024-01-17 07:00:00,TEMP01,23.15
2024-01-17 07:00:00,LUX01,250.0
2024-01-17 07:00:00,OCCU01,0.0
2024-01-17 07:15:00,TEMP01,23.0
2024-01-17 07:15:00,LUX01,312.5
2024-01-17 07:15:00,OCCU01,0.0
2024-01-17 07:30:00,TEMP01,21.84
2024-01-17 07:30:00,LUX01,375.0
2024-01-17 07:30:00,OCCU01,0.0
2024-01-17 07:45:00,TEMP01,22.05
2024-01-17 07:45:00,LUX01,437.5
2024-01-17 07:45:00,OCCU01,0.0
2024-01-17 08:00:00,TEMP01,23.1
2024-01-17 08:00:00,LUX01,500.0
2024-01-17 08:00:00,OCCU01,0.0
2024-01-17 08:15:00,TEMP01,22.99
2024-01-17 08:15:00,LUX01,77.41
2024-01-17 08:15:00,OCCU01,0.0
2024-01-17 08:30:00,TEMP01,22.59
2024-01-17 08:30:00,LUX01,220.32
2024-01-17 08:30:00,OCCU01,0.0
2024-01-17 08:45:00,TEMP01,22.03
2024-01-17 08:45:00,LUX01,260.8
2024-01-17 08:45:00,OCCU01,0.0
2024-01-17 09:00:00,TEMP01,21.34
2024-01-17 09:00:00,LUX01,298.13
2024-01-17 09:00:00,OCCU01,1.0
2024-01-17 09:15:00,TEMP01,22.38
2024-01-17 09:15:00,LUX01,423.95
2024-01-17 09:15:00,OCCU01,0.0
2024-01-17 09:30:00,TEMP01,22.15
2024-01-17 09:30:00,LUX01,519.26
2024-01-17 09:30:00,OCCU01,1.0
2024-01-17 09:45:00,TEMP01,21.52
2024-01-17 09:45:00,LUX01,556.6
2024-01-17 09:45:00,OCCU01,1.0
2024-01-17 10:00:00,TEMP01,22.45
2024-01-17 10:00:00,LUX01,603.99
2024-01-17 10:00:00,OCCU01,1.0
2024-01-17 10:15:00,TEMP01,22.59
2024-01-17 10:15:00,LUX01,654.3
2024-01-17 10:15:00,OCCU01,1.0
2024-01-17 10:30:00,TEMP01,23.17
2024-01-17 10:30:00,LUX01,666.2
2024-01-17 10:30:00,OCCU01,1.0
2024-01-17 10:45:00,TEMP01,24.37
2024-01-17 10:45:00,LUX01,710.11
2024-01-17 10:45:00,OCCU01,1.0
2024-01-17 11:00:00,TEMP01,22.78
2024-01-17 11:00:00,LUX01,866.92
2024-01-17 11:00:00,OCCU01,1.0
2024-01-17 11:15:00,TEMP01,24.38
2024-01-17 11:15:00,LUX01,883.85
2024-01-17 11:15:00,OCCU01,1.0
2024-01-17 11:30:00,TEMP01,24.25
2024-01-17 11:30:00,LUX01,890.39
2024-01-17 11:30:00,OCCU01,1.0
2024-01-17 11:45:00,TEMP01,23.03
2024-01-17 11:45:00,LUX01,927.67
2024-01-17 11:45:00,OCCU01,1.0
2024-01-17 12:00:00,TEMP01,23.99
2024-01-17 12:00:00,LUX01,999.81
2024-01-17 12:00:00,OCCU01,1.0
2024-01-17 12:15:00,TEMP01,24.41
2024-01-17 12:15:00,LUX01,931.1
2024-01-17 12:15:00,OCCU01,1.0
2024-01-17 12:30:00,TEMP01,24.27
2024-01-17 12:30:00,LUX01,1008.33
2024-01-17 12:30:00,OCCU01,1.0
2024-01-17 12:45:00,TEMP01,24.08
2024-01-17 12:45:00,LUX01,955.81
2024-01-17 12:45:00,OCCU01,1.0
2024-01-17 13:00:00,TEMP01,25.14
2024-01-17 13:00:00,LUX01,1012.25
2024-01-17 13:00:00,OCCU01,1.0
2024-01-17 13:15:00,TEMP01,24.54
2024-01-17 13:15:00,LUX01,973.37
2024-01-17 13:15:00,OCCU01,1.0
2024-01-17 13:30:00,TEMP01,25.13
2024-01-17 13:30:00,LUX01,915.28
2024-01-17 13:30:00,OCCU01,1.0
2024-01-17 13:45:00,TEMP01,23.82
2024-01-17 13:45:00,LUX01,936.45
2024-01-17 13:45:00,OCCU01,1.0
2024-01-17 14:00:00,TEMP01,24.78
2024-01-17 14:00:00,LUX01,966.6
2024-01-17 14:00:00,OCCU01,1.0
2024-01-17 14:15:00,TEMP01,26.13
2024-01-17 14:15:00,LUX01,966.76
2024-01-17 14:15:00,OCCU01,1.0
2024-01-17 14:30:00,TEMP01,24.82
2024-01-17 14:30:00,LUX01,890.06
2024-01-17 14:30:00,OCCU01,1.0
2024-01-17 14:45:00,TEMP01,24.14
2024-01-17 14:45:00,LUX01,851.71
2024-01-17 14:45:00,OCCU01,1.0
2024-01-17 15:00:00,TEMP01,24.3
2024-01-17 15:00:00,LUX01,825.15
2024-01-17 15:00:00,OCCU01,1.0
2024-01-17 15:15:00,TEMP01,23.87
2024-01-17 15:15:00,LUX01,786.37
2024-01-17 15:15:00,OCCU01,1.0
2024-01-17 15:30:00,TEMP01,25.76
2024-01-17 15:30:00,LUX01,701.67
2024-01-17 15:30:00,OCCU01,0.0
2024-01-17 15:45:00,TEMP01,24.85
2024-01-17 15:45:00,LUX01,683.96
2024-01-17 15:45:00,OCCU01,0.0
2024-01-17 16:00:00,TEMP01,23.43
2024-01-17 16:00:00,LUX01,598.99
2024-01-17 16:00:00,OCCU01,1.0
2024-01-17 16:15:00,TEMP01,23.76
2024-01-17 16:15:00,LUX01,527.38
2024-01-17 16:15:00,OCCU01,1.0
2024-01-17 16:30:00,TEMP01,23.13
2024-01-17 16:30:00,LUX01,455.22
2024-01-17 16:30:00,OCCU01,1.0
2024-01-17 16:45:00,TEMP01,24.15
2024-01-17 16:45:00,LUX01,455.24
2024-01-17 16:45:00,OCCU01,1.0
2024-01-17 17:00:00,TEMP01,23.46
2024-01-17 17:00:00,LUX01,416.68
2024-01-17 17:00:00,OCCU01,1.0
2024-01-17 17:15:00,TEMP01,22.08
2024-01-17 17:15:00,LUX01,277.06
2024-01-17 17:15:00,OCCU01,1.0
2024-01-17 17:30:00,TEMP01,22.84
2024-01-17 17:30:00,LUX01,265.92
2024-01-17 17:30:00,OCCU01,1.0
2024-01-17 17:45:00,TEMP01,22.05
2024-01-17 17:45:00,LUX01,36.47
2024-01-17 17:45:00,OCCU01,1.0
2024-01-17 18:00:00,TEMP01,21.02
2024-01-17 18:00:00,LUX01,500.0
2024-01-17 18:00:00,OCCU01,0.0
2024-01-17 18:15:00,TEMP01,19.8
2024-01-17 18:15:00,LUX01,437.5
2024-01-17 18:15:00,OCCU01,0.0
2024-01-17 18:30:00,TEMP01,21.08
2024-01-17 18:30:00,LUX01,375.0
2024-01-17 18:30:00,OCCU01,0.0
2024-01-17 18:45:00,TEMP01,20.89
2024-01-17 18:45:00,LUX01,312.5
2024-01-17 18:45:00,OCCU01,0.0
2024-01-17 19:00:00,TEMP01,19.62
2024-01-17 19:00:00,LUX01,250.0
2024-01-17 19:00:00,OCCU01,0.0
2024-01-17 19:15:00,TEMP01,19.77
2024-01-17 19:15:00,LUX01,187.5
2024-01-17 19:15:00,OCCU01,1.0
2024-01-17 19:30:00,TEMP01,21.0
2024-01-17 19:30:00,LUX01,125.0
2024-01-17 19:30:00,OCCU01,0.0
2024-01-17 19:45:00,TEMP01,20.26
2024-01-17 19:45:00,LUX01,62.5
2024-01-17 19:45:00,OCCU01,0.0
2024-01-17 20:00:00,TEMP01,19.04
2024-01-17 20:00:00,LUX01,0.0
2024-01-17 20:00:00,OCCU01,0.0
2024-01-17 20:15:00,TEMP01,18.78
2024-01-17 20:15:00,LUX01,0.0
2024-01-17 20:15:00,OCCU01,0.0
2024-01-17 20:30:00,TEMP01,19.89
2024-01-17 20:30:00,LUX01,0.0
2024-01-17 20:30:00,OCCU01,0.0
2024-01-17 20:45:00,TEMP01,18.44
2024-01-17 20:45:00,LUX01,0.0
2024-01-17 20:45:00,OCCU01,0.0
2024-01-17 21:00:00,TEMP01,20.97
2024-01-17 21:00:00,LUX01,0.0
2024-01-17 21:00:00,OCCU01,0.0
2024-01-17 21:15:00,TEMP01,20.44
2024-01-17 21:15:00,LUX01,0.0
2024-01-17 21:15:00,OCCU01,0.0
2024-01-17 21:30:00,TEMP01,19.12
2024-01-17 21:30:00,LUX01,0.0
2024-01-17 21:30:00,OCCU01,0.0
2024-01-17 21:45:00,TEMP01,18.13
2024-01-17 21:45:00,LUX01,0.0
2024-01-17 21:45:00,OCCU01,0.0
2024-01-17 22:00:00,TEMP01,20.58
2024-01-17 22:00:00,LUX01,0.0
2024-01-17 22:00:00,OCCU01,0.0
2024-01-17 22:15:00,TEMP01,19.41
2024-01-17 22:15:00,LUX01,0.0
2024-01-17 22:15:00,OCCU01,0.0
2024-01-17 22:30:00,TEMP01,20.49
2024-01-17 22:30:00,LUX01,0.0
2024-01-17 22:30:00,OCCU01,0.0
2024-01-17 22:45:00,TEMP01,18.22
2024-01-17 22:45:00,LUX01,0.0
2024-01-17 22:45:00,OCCU01,0.0
2024-01-17 23:00:00,TEMP01,19.02
2024-01-17 23:00:00,LUX01,0.0
2024-01-17 23:00:00,OCCU01,0.0
2024-01-17 23:15:00,TEMP01,19.5
2024-01-17 23:15:00,LUX01,0.0
2024-01-17 23:15:00,OCCU01,0.0
2024-01-17 23:30:00,TEMP01,19.54
2024-01-17 23:30:00,LUX01,0.0
2024-01-17 23:30:00,OCCU01,0.0
2024-01-17 23:45:00,TEMP01,19.14
2024-01-17 23:45:00,LUX01,0.0
2024-01-17 23:45:00,OCCU01,0.0
2024-01-18 00:00:00,TEMP01,20.0
2024-01-18 00:00:00,LUX01,0.0
2024-01-18 00:00:00,OCCU01,0.0
2024-01-18 00:15:00,TEMP01,18.65
2024-01-18 00:15:00,LUX01,0.0
2024-01-18 00:15:00,OCCU01,0.0
2024-01-18 00:30:00,TEMP01,19.39
2024-01-18 00:30:00,LUX01,0.0
2024-01-18 00:30:00,OCCU01,1.0
2024-01-18 00:45:00,TEMP01,19.6
2024-01-18 00:45:00,LUX01,0.0
2024-01-18 00:45:00,OCCU01,0.0
2024-01-18 01:00:00,TEMP01,19.91
2024-01-18 01:00:00,LUX01,0.0
2024-01-18 01:00:00,OCCU01,0.0
2024-01-18 01:15:00,TEMP01,20.07
2024-01-18 01:15:00,LUX01,0.0
2024-01-18 01:15:00,OCCU01,0.0
2024-01-18 01:30:00,TEMP01,18.6
2024-01-18 01:30:00,LUX01,0.0
2024-01-18 01:30:00,OCCU01,0.0
2024-01-18 01:45:00,TEMP01,18.27
2024-01-18 01:45:00,LUX01,0.0
2024-01-18 01:45:00,OCCU01,0.0
2024-01-18 02:00:00,TEMP01,20.52
2024-01-18 02:00:00,LUX01,0.0
2024-01-18 02:00:00,OCCU01,0.0
2024-01-18 02:15:00,TEMP01,19.77
2024-01-18 02:15:00,LUX01,0.0
2024-01-18 02:15:00,OCCU01,1.0
2024-01-18 02:30:00,TEMP01,18.9
2024-01-18 02:30:00,LUX01,0.0
2024-01-18 02:30:00,OCCU01,0.0
2024-01-18 02:45:00,TEMP01,20.74
2024-01-18 02:45:00,LUX01,0.0
2024-01-18 02:45:00,OCCU01,0.0
2024-01-18 03:00:00,TEMP01,19.59
2024-01-18 03:00:00,LUX01,0.0
2024-01-18 03:00:00,OCCU01,0.0
2024-01-18 03:15:00,TEMP01,20.44
2024-01-18 03:15:00,LUX01,0.0
2024-01-18 03:15:00,OCCU01,0.0
2024-01-18 03:30:00,TEMP01,19.55
2024-01-18 03:30:00,LUX01,0.0
2024-01-18 03:30:00,OCCU01,0.0
2024-01-18 03:45:00,TEMP01,21.15
2024-01-18 03:45:00,LUX01,0.0
2024-01-18 03:45:00,OCCU01,0.0
2024-01-18 04:00:00,TEMP01,20.9
2024-01-18 04:00:00,LUX01,0.0
2024-01-18 04:00:00,OCCU01,0.0
2024-01-18 04:15:00,TEMP01,19.3
2024-01-18 04:15:00,LUX01,0.0
2024-01-18 04:15:00,OCCU01,0.0
2024-01-18 04:30:00,TEMP01,20.28
2024-01-18 04:30:00,LUX01,0.0
2024-01-18 04:30:00,OCCU01,0.0
2024-01-18 04:45:00,TEMP01,20.02
2024-01-18 04:45:00,LUX01,0.0
2024-01-18 04:45:00,OCCU01,0.0
2024-01-18 05:00:00,TEMP01,20.59
2024-01-18 05:00:00,LUX01,0.0
2024-01-18 05:00:00,OCCU01,0.0
2024-01-18 05:15:00,TEMP01,18.73
2024-01-18 05:15:00,LUX01,0.0
2024-01-18 05:15:00,OCCU01,0.0
2024-01-18 05:30:00,TEMP01,20.05
2024-01-18 05:30:00,LUX01,0.0
2024-01-18 05:30:00,OCCU01,0.0
2024-01-18 05:45:00,TEMP01,20.35
2024-01-18 05:45:00,LUX01,0.0
2024-01-18 05:45:00,OCCU01,0.0
2024-01-18 06:00:00,TEMP01,18.09
2024-01-18 06:00:00,LUX01,0.0
2024-01-18 06:00:00,OCCU01,0.0
2024-01-18 06:15:00,TEMP01,18.55
2024-01-18 06:15:00,LUX01,62.5
2024-01-18 06:15:00,OCCU01,0.0
2024-01-18 06:30:00,TEMP01,17.87
2024-01-18 06:30:00,LUX01,125.0
2024-01-18 06:30:00,OCCU01,0.0
2024-01-18 06:45:00,TEMP01,19.28
2024-01-18 06:45:00,LUX01,187.5
2024-01-18 06:45:00,OCCU01,0.0
2024-01-18 07:00:00,TEMP01,23.07
2024-01-18 07:00:00,LUX01,250.0
2024-01-18 07:00:00,OCCU01,0.0
2024-01-18 07:15:00,TEMP01,23.7
2024-01-18 07:15:00,LUX01,312.5
2024-01-18 07:15:00,OCCU01,0.0
2024-01-18 07:30:00,TEMP01,22.56
2024-01-18 07:30:00,LUX01,375.0
2024-01-18 07:30:00,OCCU01,0.0
2024-01-18 07:45:00,TEMP01,23.8
2024-01-18 07:45:00,LUX01,437.5
2024-01-18 07:45:00,OCCU01,0.0
2024-01-18 08:00:00,TEMP01,21.4
2024-01-18 08:00:00,LUX01,500.0
2024-01-18 08:00:00,OCCU01,0.0
2024-01-18 08:15:00,TEMP01,21.14
2024-01-18 08:15:00,LUX01,75.68
2024-01-18 08:15:00,OCCU01,0.0
2024-01-18 08:30:00,TEMP01,22.81
2024-01-18 08:30:00,LUX01,154.8
2024-01-18 08:30:00,OCCU01,0.0
2024-01-18 08:45:00,TEMP01,20.85
2024-01-18 08:45:00,LUX01,228.99
2024-01-18 08:45:00,OCCU01,0.0
2024-01-18 09:00:00,TEMP01,20.46
2024-01-18 09:00:00,LUX01,342.5
2024-01-18 09:00:00,OCCU01,1.0
2024-01-18 09:15:00,TEMP01,21.79
2024-01-18 09:15:00,LUX01,335.69
2024-01-18 09:15:00,OCCU01,1.0
2024-01-18 09:30:00,TEMP01,21.09
2024-01-18 09:30:00,LUX01,401.03
2024-01-18 09:30:00,OCCU01,1.0
2024-01-18 09:45:00,TEMP01,21.45
2024-01-18 09:45:00,LUX01,570.26
2024-01-18 09:45:00,OCCU01,1.0
2024-01-18 10:00:00,TEMP01,21.91
2024-01-18 10:00:00,LUX01,612.99
2024-01-18 10:00:00,OCCU01,1.0
2024-01-18 10:15:00,TEMP01,22.27
2024-01-18 10:15:00,LUX01,609.8
2024-01-18 10:15:00,OCCU01,1.0
2024-01-18 10:30:00,TEMP01,22.61
2024-01-18 10:30:00,LUX01,655.34
2024-01-18 10:30:00,OCCU01,1.0
2024-01-18 10:45:00,TEMP01,22.25
2024-01-18 10:45:00,LUX01,700.51
2024-01-18 10:45:00,OCCU01,1.0
2024-01-18 11:00:00,TEMP01,25.32
2024-01-18 11:00:00,LUX01,810.78
2024-01-18 11:00:00,OCCU01,1.0
2024-01-18 11:15:00,TEMP01,23.19
2024-01-18 11:15:00,LUX01,863.34
2024-01-18 11:15:00,OCCU01,1.0
2024-01-18 11:30:00,TEMP01,23.66
2024-01-18 11:30:00,LUX01,879.96
2024-01-18 11:30:00,OCCU01,1.0
2024-01-18 11:45:00,TEMP01,24.24
2024-01-18 11:45:00,LUX01,961.75
2024-01-18 11:45:00,OCCU01,1.0
2024-01-18 12:00:00,TEMP01,24.11
2024-01-18 12:00:00,LUX01,922.27
2024-01-18 12:00:00,OCCU01,1.0
2024-01-18 12:15:00,TEMP01,24.31
2024-01-18 12:15:00,LUX01,857.27
2024-01-18 12:15:00,OCCU01,1.0
2024-01-18 12:30:00,TEMP01,23.32
2024-01-18 12:30:00,LUX01,1056.03
2024-01-18 12:30:00,OCCU01,1.0
2024-01-18 12:45:00,TEMP01,25.85
2024-01-18 12:45:00,LUX01,984.47
2024-01-18 12:45:00,OCCU01,1.0
2024-01-18 13:00:00,TEMP01,25.41
2024-01-18 13:00:00,LUX01,1015.56
2024-01-18 13:00:00,OCCU01,1.0
2024-01-18 13:15:00,TEMP01,27.41
2024-01-18 13:15:00,LUX01,1052.9
2024-01-18 13:15:00,OCCU01,1.0
2024-01-18 13:30:00,TEMP01,24.84
2024-01-18 13:30:00,LUX01,939.91
2024-01-18 13:30:00,OCCU01,1.0
2024-01-18 13:45:00,TEMP01,23.66
2024-01-18 13:45:00,LUX01,982.54
2024-01-18 13:45:00,OCCU01,1.0
2024-01-18 14:00:00,TEMP01,24.34
2024-01-18 14:00:00,LUX01,879.94
2024-01-18 14:00:00,OCCU01,1.0
2024-01-18 14:15:00,TEMP01,24.43
2024-01-18 14:15:00,LUX01,869.8
2024-01-18 14:15:00,OCCU01,1.0
2024-01-18 14:30:00,TEMP01,26.3
2024-01-18 14:30:00,LUX01,935.09
2024-01-18 14:30:00,OCCU01,0.0
2024-01-18 14:45:00,TEMP01,24.94
2024-01-18 14:45:00,LUX01,926.64
2024-01-18 14:45:00,OCCU01,1.0
2024-01-18 15:00:00,TEMP01,24.59
2024-01-18 15:00:00,LUX01,765.95
2024-01-18 15:00:00,OCCU01,1.0
2024-01-18 15:15:00,TEMP01,25.75
2024-01-18 15:15:00,LUX01,787.35
2024-01-18 15:15:00,OCCU01,1.0
2024-01-18 15:30:00,TEMP01,23.7
2024-01-18 15:30:00,LUX01,697.59
2024-01-18 15:30:00,OCCU01,0.0
2024-01-18 15:45:00,TEMP01,23.83
2024-01-18 15:45:00,LUX01,580.31
2024-01-18 15:45:00,OCCU01,1.0
2024-01-18 16:00:00,TEMP01,24.49
2024-01-18 16:00:00,LUX01,683.26
2024-01-18 16:00:00,OCCU01,1.0
2024-01-18 16:15:00,TEMP01,22.63
2024-01-18 16:15:00,LUX01,550.65
2024-01-18 16:15:00,OCCU01,1.0
2024-01-18 16:30:00,TEMP01,23.23
2024-01-18 16:30:00,LUX01,429.63
2024-01-18 16:30:00,OCCU01,0.0
2024-01-18 16:45:00,TEMP01,23.28
2024-01-18 16:45:00,LUX01,339.48
2024-01-18 16:45:00,OCCU01,1.0
2024-01-18 17:00:00,TEMP01,22.74
2024-01-18 17:00:00,LUX01,267.47
2024-01-18 17:00:00,OCCU01,0.0
2024-01-18 17:15:00,TEMP01,22.91
2024-01-18 17:15:00,LUX01,230.93
2024-01-18 17:15:00,OCCU01,1.0
2024-01-18 17:30:00,TEMP01,22.51
2024-01-18 17:30:00,LUX01,111.06
2024-01-18 17:30:00,OCCU01,1.0
2024-01-18 17:45:00,TEMP01,22.24
2024-01-18 17:45:00,LUX01,116.23
2024-01-18 17:45:00,OCCU01,1.0
2024-01-18 18:00:00,TEMP01,21.9
2024-01-18 18:00:00,LUX01,500.0
2024-01-18 18:00:00,OCCU01,0.0
2024-01-18 18:15:00,TEMP01,20.72
2024-01-18 18:15:00,LUX01,437.5
2024-01-18 18:15:00,OCCU01,0.0
2024-01-18 18:30:00,TEMP01,21.58
2024-01-18 18:30:00,LUX01,375.0
2024-01-18 18:30:00,OCCU01,0.0
2024-01-18 18:45:00,TEMP01,22.1
2024-01-18 18:45:00,LUX01,312.5
2024-01-18 18:45:00,OCCU01,0.0
2024-01-18 19:00:00,TEMP01,18.16
2024-01-18 19:00:00,LUX01,250.0
2024-01-18 19:00:00,OCCU01,0.0
2024-01-18 19:15:00,TEMP01,19.93
2024-01-18 19:15:00,LUX01,187.5
2024-01-18 19:15:00,OCCU01,0.0
2024-01-18 19:30:00,TEMP01,18.97
2024-01-18 19:30:00,LUX01,125.0
2024-01-18 19:30:00,OCCU01,0.0
2024-01-18 19:45:00,TEMP01,19.96
2024-01-18 19:45:00,LUX01,62.5
2024-01-18 19:45:00,OCCU01,0.0
2024-01-18 20:00:00,TEMP01,18.89
2024-01-18 20:00:00,LUX01,0.0
2024-01-18 20:00:00,OCCU01,1.0
2024-01-18 20:15:00,TEMP01,18.06
2024-01-18 20:15:00,LUX01,0.0
2024-01-18 20:15:00,OCCU01,0.0
2024-01-18 20:30:00,TEMP01,18.2
2024-01-18 20:30:00,LUX01,0.0
2024-01-18 20:30:00,OCCU01,0.0
2024-01-18 20:45:00,TEMP01,19.54
2024-01-18 20:45:00,LUX01,0.0
2024-01-18 20:45:00,OCCU01,0.0
2024-01-18 21:00:00,TEMP01,19.71
2024-01-18 21:00:00,LUX01,0.0
2024-01-18 21:00:00,OCCU01,0.0
2024-01-18 21:15:00,TEMP01,18.78
2024-01-18 21:15:00,LUX01,0.0
2024-01-18 21:15:00,OCCU01,0.0
2024-01-18 21:30:00,TEMP01,20.01
2024-01-18 21:30:00,LUX01,0.0
2024-01-18 21:30:00,OCCU01,0.0
2024-01-18 21:45:00,TEMP01,18.17
2024-01-18 21:45:00,LUX01,0.0
2024-01-18 21:45:00,OCCU01,0.0
2024-01-18 22:00:00,TEMP01,19.45
2024-01-18 22:00:00,LUX01,0.0
2024-01-18 22:00:00,OCCU01,0.0
2024-01-18 22:15:00,TEMP01,18.53
2024-01-18 22:15:00,LUX01,0.0
2024-01-18 22:15:00,OCCU01,0.0
2024-01-18 22:30:00,TEMP01,18.98
2024-01-18 22:30:00,LUX01,0.0
2024-01-18 22:30:00,OCCU01,0.0
2024-01-18 22:45:00,TEMP01,19.54
2024-01-18 22:45:00,LUX01,0.0
2024-01-18 22:45:00,OCCU01,0.0
2024-01-18 23:00:00,TEMP01,18.81
2024-01-18 23:00:00,LUX01,0.0
2024-01-18 23:00:00,OCCU01,0.0
2024-01-18 23:15:00,TEMP01,19.19
2024-01-18 23:15:00,LUX01,0.0
2024-01-18 23:15:00,OCCU01,0.0
2024-01-18 23:30:00,TEMP01,20.31
2024-01-18 23:30:00,LUX01,0.0
2024-01-18 23:30:00,OCCU01,0.0
2024-01-18 23:45:00,TEMP01,19.04
2024-01-18 23:45:00,LUX01,0.0
2024-01-18 23:45:00,OCCU01,0.0
2024-01-19 00:00:00,TEMP01,20.17
2024-01-19 00:00:00,LUX01,0.0
2024-01-19 00:00:00,OCCU01,0.0
2024-01-19 00:15:00,TEMP01,18.6
2024-01-19 00:15:00,LUX01,0.0
2024-01-19 00:15:00,OCCU01,0.0
2024-01-19 00:30:00,TEMP01,19.92
2024-01-19 00:30:00,LUX01,0.0
2024-01-19 00:30:00,OCCU01,0.0
2024-01-19 00:45:00,TEMP01,20.65
2024-01-19 00:45:00,LUX01,0.0
2024-01-19 00:45:00,OCCU01,0.0
2024-01-19 01:00:00,TEMP01,17.52
2024-01-19 01:00:00,LUX01,0.0
2024-01-19 01:00:00,OCCU01,0.0
2024-01-19 01:15:00,TEMP01,18.86
2024-01-19 01:15:00,LUX01,0.0
2024-01-19 01:15:00,OCCU01,0.0
2024-01-19 01:30:00,TEMP01,19.96
2024-01-19 01:30:00,LUX01,0.0
2024-01-19 01:30:00,OCCU01,0.0
2024-01-19 01:45:00,TEMP01,19.34
2024-01-19 01:45:00,LUX01,0.0
2024-01-19 01:45:00,OCCU01,0.0
2024-01-19 02:00:00,TEMP01,19.8
2024-01-19 02:00:00,LUX01,0.0
2024-01-19 02:00:00,OCCU01,0.0
2024-01-19 02:15:00,TEMP01,19.02
2024-01-19 02:15:00,LUX01,0.0
2024-01-19 02:15:00,OCCU01,0.0
2024-01-19 02:30:00,TEMP01,19.57
2024-01-19 02:30:00,LUX01,0.0
2024-01-19 02:30:00,OCCU01,1.0
2024-01-19 02:45:00,TEMP01,19.38
2024-01-19 02:45:00,LUX01,0.0
2024-01-19 02:45:00,OCCU01,0.0
2024-01-19 03:00:00,TEMP01,20.43
2024-01-19 03:00:00,LUX01,0.0
2024-01-19 03:00:00,OCCU01,0.0
2024-01-19 03:15:00,TEMP01,19.7
2024-01-19 03:15:00,LUX01,0.0
2024-01-19 03:15:00,OCCU01,0.0
2024-01-19 03:30:00,TEMP01,19.77
2024-01-19 03:30:00,LUX01,0.0
2024-01-19 03:30:00,OCCU01,0.0
2024-01-19 03:45:00,TEMP01,19.17
2024-01-19 03:45:00,LUX01,0.0
2024-01-19 03:45:00,OCCU01,0.0
2024-01-19 04:00:00,TEMP01,19.11
2024-01-19 04:00:00,LUX01,0.0
2024-01-19 04:00:00,OCCU01,0.0
2024-01-19 04:15:00,TEMP01,19.15
2024-01-19 04:15:00,LUX01,0.0
2024-01-19 04:15:00,OCCU01,0.0
2024-01-19 04:30:00,TEMP01,19.82
2024-01-19 04:30:00,LUX01,0.0
2024-01-19 04:30:00,OCCU01,0.0
2024-01-19 04:45:00,TEMP01,19.16
2024-01-19 04:45:00,LUX01,0.0
2024-01-19 04:45:00,OCCU01,0.0
2024-01-19 05:00:00,TEMP01,19.73
2024-01-19 05:00:00,LUX01,0.0
2024-01-19 05:00:00,OCCU01,0.0
2024-01-19 05:15:00,TEMP01,21.16
2024-01-19 05:15:00,LUX01,0.0
2024-01-19 05:15:00,OCCU01,0.0
2024-01-19 05:30:00,TEMP01,20.2
2024-01-19 05:30:00,LUX01,0.0
2024-01-19 05:30:00,OCCU01,0.0
2024-01-19 05:45:00,TEMP01,19.24
2024-01-19 05:45:00,LUX01,0.0
2024-01-19 05:45:00,OCCU01,0.0
2024-01-19 06:00:00,TEMP01,20.46
2024-01-19 06:00:00,LUX01,0.0
2024-01-19 06:00:00,OCCU01,0.0
2024-01-19 06:15:00,TEMP01,19.17
2024-01-19 06:15:00,LUX01,62.5
2024-01-19 06:15:00,OCCU01,0.0
2024-01-19 06:30:00,TEMP01,17.87
2024-01-19 06:30:00,LUX01,125.0
2024-01-19 06:30:00,OCCU01,0.0
2024-01-19 06:45:00,TEMP01,18.69
2024-01-19 06:45:00,LUX01,187.5
2024-01-19 06:45:00,OCCU01,0.0
2024-01-19 07:00:00,TEMP01,21.0
2024-01-19 07:00:00,LUX01,250.0
2024-01-19 07:00:00,OCCU01,0.0
2024-01-19 07:15:00,TEMP01,22.22
2024-01-19 07:15:00,LUX01,312.5
2024-01-19 07:15:00,OCCU01,0.0
2024-01-19 07:30:00,TEMP01,22.51
2024-01-19 07:30:00,LUX01,375.0
2024-01-19 07:30:00,OCCU01,0.0
2024-01-19 07:45:00,TEMP01,23.84
2024-01-19 07:45:00,LUX01,437.5
2024-01-19 07:45:00,OCCU01,1.0
2024-01-19 08:00:00,TEMP01,22.76
2024-01-19 08:00:00,LUX01,500.0
2024-01-19 08:00:00,OCCU01,0.0
2024-01-19 08:15:00,TEMP01,22.32
2024-01-19 08:15:00,LUX01,119.93
2024-01-19 08:15:00,OCCU01,0.0
2024-01-19 08:30:00,TEMP01,20.73
2024-01-19 08:30:00,LUX01,168.22
2024-01-19 08:30:00,OCCU01,0.0
2024-01-19 08:45:00,TEMP01,23.12
2024-01-19 08:45:00,LUX01,159.52
2024-01-19 08:45:00,OCCU01,0.0
2024-01-19 09:00:00,TEMP01,22.42
2024-01-19 09:00:00,LUX01,325.94
2024-01-19 09:00:00,OCCU01,1.0
2024-01-19 09:15:00,TEMP01,21.17
2024-01-19 09:15:00,LUX01,414.32
2024-01-19 09:15:00,OCCU01,1.0
2024-01-19 09:30:00,TEMP01,23.32
2024-01-19 09:30:00,LUX01,463.08
2024-01-19 09:30:00,OCCU01,1.0
2024-01-19 09:45:00,TEMP01,21.7
2024-01-19 09:45:00,LUX01,499.53
2024-01-19 09:45:00,OCCU01,1.0
2024-01-19 10:00:00,TEMP01,22.02
2024-01-19 10:00:00,LUX01,629.3
2024-01-19 10:00:00,OCCU01,1.0
2024-01-19 10:15:00,TEMP01,22.01
2024-01-19 10:15:00,LUX01,653.03
2024-01-19 10:15:00,OCCU01,1.0
2024-01-19 10:30:00,TEMP01,22.31
2024-01-19 10:30:00,LUX01,731.06
2024-01-19 10:30:00,OCCU01,1.0
2024-01-19 10:45:00,TEMP01,22.96
2024-01-19 10:45:00,LUX01,812.28
2024-01-19 10:45:00,OCCU01,1.0
2024-01-19 11:00:00,TEMP01,23.34
2024-01-19 11:00:00,LUX01,795.52
2024-01-19 11:00:00,OCCU01,1.0
2024-01-19 11:15:00,TEMP01,22.97
2024-01-19 11:15:00,LUX01,830.43
2024-01-19 11:15:00,OCCU01,1.0
2024-01-19 11:30:00,TEMP01,24.05
2024-01-19 11:30:00,LUX01,928.86
2024-01-19 11:30:00,OCCU01,1.0
2024-01-19 11:45:00,TEMP01,23.01
2024-01-19 11:45:00,LUX01,967.36
2024-01-19 11:45:00,OCCU01,1.0
2024-01-19 12:00:00,TEMP01,25.62
2024-01-19 12:00:00,LUX01,971.73
2024-01-19 12:00:00,OCCU01,1.0
2024-01-19 12:15:00,TEMP01,26.03
2024-01-19 12:15:00,LUX01,933.68
2024-01-19 12:15:00,OCCU01,0.0
2024-01-19 12:30:00,TEMP01,23.54
2024-01-19 12:30:00,LUX01,898.75
2024-01-19 12:30:00,OCCU01,1.0
2024-01-19 12:45:00,TEMP01,25.73
2024-01-19 12:45:00,LUX01,1029.64
2024-01-19 12:45:00,OCCU01,1.0
2024-01-19 13:00:00,TEMP01,24.9
2024-01-19 13:00:00,LUX01,1014.0
2024-01-19 13:00:00,OCCU01,1.0
2024-01-19 13:15:00,TEMP01,24.05
2024-01-19 13:15:00,LUX01,1119.2
2024-01-19 13:15:00,OCCU01,1.0
2024-01-19 13:30:00,TEMP01,25.05
2024-01-19 13:30:00,LUX01,993.16
2024-01-19 13:30:00,OCCU01,1.0
2024-01-19 13:45:00,TEMP01,25.53
2024-01-19 13:45:00,LUX01,996.42
2024-01-19 13:45:00,OCCU01,1.0
2024-01-19 14:00:00,TEMP01,25.13
2024-01-19 14:00:00,LUX01,911.53
2024-01-19 14:00:00,OCCU01,1.0
2024-01-19 14:15:00,TEMP01,25.32
2024-01-19 14:15:00,LUX01,1017.98
2024-01-19 14:15:00,OCCU01,0.0
2024-01-19 14:30:00,TEMP01,26.02
2024-01-19 14:30:00,LUX01,970.67
2024-01-19 14:30:00,OCCU01,1.0
2024-01-19 14:45:00,TEMP01,24.54
2024-01-19 14:45:00,LUX01,803.16
2024-01-19 14:45:00,OCCU01,0.0
2024-01-19 15:00:00,TEMP01,24.43
2024-01-19 15:00:00,LUX01,811.8
2024-01-19 15:00:00,OCCU01,1.0
2024-01-19 15:15:00,TEMP01,25.41
2024-01-19 15:15:00,LUX01,675.78
2024-01-19 15:15:00,OCCU01,1.0
2024-01-19 15:30:00,TEMP01,25.75
2024-01-19 15:30:00,LUX01,699.21
2024-01-19 15:30:00,OCCU01,1.0
2024-01-19 15:45:00,TEMP01,24.19
2024-01-19 15:45:00,LUX01,598.84
2024-01-19 15:45:00,OCCU01,1.0
2024-01-19 16:00:00,TEMP01,22.43
2024-01-19 16:00:00,LUX01,628.94
2024-01-19 16:00:00,OCCU01,1.0
2024-01-19 16:15:00,TEMP01,23.81
2024-01-19 16:15:00,LUX01,458.0
2024-01-19 16:15:00,OCCU01,1.0
2024-01-19 16:30:00,TEMP01,22.71
2024-01-19 16:30:00,LUX01,437.2
2024-01-19 16:30:00,OCCU01,1.0
2024-01-19 16:45:00,TEMP01,25.08
2024-01-19 16:45:00,LUX01,369.7
2024-01-19 16:45:00,OCCU01,1.0
2024-01-19 17:00:00,TEMP01,21.49
2024-01-19 17:00:00,LUX01,296.73
2024-01-19 17:00:00,OCCU01,1.0
2024-01-19 17:15:00,TEMP01,22.48
2024-01-19 17:15:00,LUX01,98.6
2024-01-19 17:15:00,OCCU01,1.0
2024-01-19 17:30:00,TEMP01,22.65
2024-01-19 17:30:00,LUX01,144.89
2024-01-19 17:30:00,OCCU01,1.0
2024-01-19 17:45:00,TEMP01,23.25
2024-01-19 17:45:00,LUX01,170.91
2024-01-19 17:45:00,OCCU01,1.0
2024-01-19 18:00:00,TEMP01,22.4
2024-01-19 18:00:00,LUX01,500.0
2024-01-19 18:00:00,OCCU01,0.0
2024-01-19 18:15:00,TEMP01,21.28
2024-01-19 18:15:00,LUX01,437.5
2024-01-19 18:15:00,OCCU01,0.0
2024-01-19 18:30:00,TEMP01,20.61
2024-01-19 18:30:00,LUX01,375.0
2024-01-19 18:30:00,OCCU01,0.0
2024-01-19 18:45:00,TEMP01,23.56
2024-01-19 18:45:00,LUX01,312.5
2024-01-19 18:45:00,OCCU01,0.0
2024-01-19 19:00:00,TEMP01,19.55
2024-01-19 19:00:00,LUX01,250.0
2024-01-19 19:00:00,OCCU01,0.0
2024-01-19 19:15:00,TEMP01,19.51
2024-01-19 19:15:00,LUX01,187.5
2024-01-19 19:15:00,OCCU01,0.0
2024-01-19 19:30:00,TEMP01,19.48
2024-01-19 19:30:00,LUX01,125.0
2024-01-19 19:30:00,OCCU01,0.0
2024-01-19 19:45:00,TEMP01,19.66
2024-01-19 19:45:00,LUX01,62.5
2024-01-19 19:45:00,OCCU01,0.0
2024-01-19 20:00:00,TEMP01,19.38
2024-01-19 20:00:00,LUX01,0.0
2024-01-19 20:00:00,OCCU01,0.0
2024-01-19 20:15:00,TEMP01,19.04
2024-01-19 20:15:00,LUX01,0.0
2024-01-19 20:15:00,OCCU01,0.0
2024-01-19 20:30:00,TEMP01,19.06
2024-01-19 20:30:00,LUX01,0.0
2024-01-19 20:30:00,OCCU01,0.0
2024-01-19 20:45:00,TEMP01,19.47
2024-01-19 20:45:00,LUX01,0.0
2024-01-19 20:45:00,OCCU01,0.0
2024-01-19 21:00:00,TEMP01,19.07
2024-01-19 21:00:00,LUX01,0.0
2024-01-19 21:00:00,OCCU01,0.0
2024-01-19 21:15:00,TEMP01,18.93
2024-01-19 21:15:00,LUX01,0.0
2024-01-19 21:15:00,OCCU01,0.0
2024-01-19 21:30:00,TEMP01,19.59
2024-01-19 21:30:00,LUX01,0.0
2024-01-19 21:30:00,OCCU01,0.0
2024-01-19 21:45:00,TEMP01,19.3
2024-01-19 21:45:00,LUX01,0.0
2024-01-19 21:45:00,OCCU01,0.0
2024-01-19 22:00:00,TEMP01,20.7
2024-01-19 22:00:00,LUX01,0.0
2024-01-19 22:00:00,OCCU01,0.0
2024-01-19 22:15:00,TEMP01,17.38
2024-01-19 22:15:00,LUX01,0.0
2024-01-19 22:15:00,OCCU01,0.0
2024-01-19 22:30:00,TEMP01,20.37
2024-01-19 22:30:00,LUX01,0.0
2024-01-19 22:30:00,OCCU01,0.0
2024-01-19 22:45:00,TEMP01,20.5
2024-01-19 22:45:00,LUX01,0.0
2024-01-19 22:45:00,OCCU01,0.0
2024-01-19 23:00:00,TEMP01,17.84
2024-01-19 23:00:00,LUX01,0.0
2024-01-19 23:00:00,OCCU01,0.0
2024-01-19 23:15:00,TEMP01,19.23
2024-01-19 23:15:00,LUX01,0.0
2024-01-19 23:15:00,OCCU01,0.0
2024-01-19 23:30:00,TEMP01,19.2
2024-01-19 23:30:00,LUX01,0.0
2024-01-19 23:30:00,OCCU01,0.0
2024-01-19 23:45:00,TEMP01,18.37
2024-01-19 23:45:00,LUX01,0.0
2024-01-19 23:45:00,OCCU01,0.0
2024-01-20 00:00:00,TEMP01,18.38
2024-01-20 00:00:00,LUX01,0.0
2024-01-20 00:00:00,OCCU01,0.0
2024-01-20 00:15:00,TEMP01,18.11
2024-01-20 00:15:00,LUX01,0.0
2024-01-20 00:15:00,OCCU01,1.0
2024-01-20 00:30:00,TEMP01,20.4
2024-01-20 00:30:00,LUX01,0.0
2024-01-20 00:30:00,OCCU01,0.0
2024-01-20 00:45:00,TEMP01,19.75
2024-01-20 00:45:00,LUX01,0.0
2024-01-20 00:45:00,OCCU01,0.0
2024-01-20 01:00:00,TEMP01,20.02
2024-01-20 01:00:00,LUX01,0.0
2024-01-20 01:00:00,OCCU01,0.0
2024-01-20 01:15:00,TEMP01,19.58
2024-01-20 01:15:00,LUX01,0.0
2024-01-20 01:15:00,OCCU01,0.0
2024-01-20 01:30:00,TEMP01,18.1
2024-01-20 01:30:00,LUX01,0.0
2024-01-20 01:30:00,OCCU01,0.0
2024-01-20 01:45:00,TEMP01,18.58
2024-01-20 01:45:00,LUX01,0.0
2024-01-20 01:45:00,OCCU01,0.0
2024-01-20 02:00:00,TEMP01,19.39
2024-01-20 02:00:00,LUX01,0.0
2024-01-20 02:00:00,OCCU01,0.0
2024-01-20 02:15:00,TEMP01,18.02
2024-01-20 02:15:00,LUX01,0.0
2024-01-20 02:15:00,OCCU01,0.0
2024-01-20 02:30:00,TEMP01,19.57
2024-01-20 02:30:00,LUX01,0.0
2024-01-20 02:30:00,OCCU01,0.0
2024-01-20 02:45:00,TEMP01,18.81
2024-01-20 02:45:00,LUX01,0.0
2024-01-20 02:45:00,OCCU01,0.0
2024-01-20 03:00:00,TEMP01,18.7
2024-01-20 03:00:00,LUX01,0.0
2024-01-20 03:00:00,OCCU01,0.0
2024-01-20 03:15:00,TEMP01,19.57
2024-01-20 03:15:00,LUX01,0.0
2024-01-20 03:15:00,OCCU01,0.0
2024-01-20 03:30:00,TEMP01,19.36
2024-01-20 03:30:00,LUX01,0.0
2024-01-20 03:30:00,OCCU01,0.0
2024-01-20 03:45:00,TEMP01,18.71
2024-01-20 03:45:00,LUX01,0.0
2024-01-20 03:45:00,OCCU01,0.0
2024-01-20 04:00:00,TEMP01,19.93
2024-01-20 04:00:00,LUX01,0.0
2024-01-20 04:00:00,OCCU01,0.0
2024-01-20 04:15:00,TEMP01,18.14
2024-01-20 04:15:00,LUX01,0.0
2024-01-20 04:15:00,OCCU01,0.0
2024-01-20 04:30:00,TEMP01,19.49
2024-01-20 04:30:00,LUX01,0.0
2024-01-20 04:30:00,OCCU01,0.0
2024-01-20 04:45:00,TEMP01,19.47
2024-01-20 04:45:00,LUX01,0.0
2024-01-20 04:45:00,OCCU01,0.0
2024-01-20 05:00:00,TEMP01,18.75
2024-01-20 05:00:00,LUX01,0.0
2024-01-20 05:00:00,OCCU01,0.0
2024-01-20 05:15:00,TEMP01,19.26
2024-01-20 05:15:00,LUX01,0.0
2024-01-20 05:15:00,OCCU01,0.0
2024-01-20 05:30:00,TEMP01,18.0
2024-01-20 05:30:00,LUX01,0.0
2024-01-20 05:30:00,OCCU01,0.0
2024-01-20 05:45:00,TEMP01,19.74
2024-01-20 05:45:00,LUX01,0.0
2024-01-20 05:45:00,OCCU01,0.0
2024-01-20 06:00:00,TEMP01,18.85
2024-01-20 06:00:00,LUX01,0.0
2024-01-20 06:00:00,OCCU01,0.0
2024-01-20 06:15:00,TEMP01,18.58
2024-01-20 06:15:00,LUX01,62.5
2024-01-20 06:15:00,OCCU01,0.0
2024-01-20 06:30:00,TEMP01,19.84
2024-01-20 06:30:00,LUX01,125.0
2024-01-20 06:30:00,OCCU01,0.0
2024-01-20 06:45:00,TEMP01,18.44
2024-01-20 06:45:00,LUX01,187.5
2024-01-20 06:45:00,OCCU01,0.0
2024-01-20 07:00:00,TEMP01,20.87
2024-01-20 07:00:00,LUX01,250.0
2024-01-20 07:00:00,OCCU01,0.0
2024-01-20 07:15:00,TEMP01,20.75
2024-01-20 07:15:00,LUX01,312.5
2024-01-20 07:15:00,OCCU01,0.0
2024-01-20 07:30:00,TEMP01,22.48
2024-01-20 07:30:00,LUX01,375.0
2024-01-20 07:30:00,OCCU01,0.0
2024-01-20 07:45:00,TEMP01,20.98
2024-01-20 07:45:00,LUX01,437.5
2024-01-20 07:45:00,OCCU01,0.0
2024-01-20 08:00:00,TEMP01,23.4
2024-01-20 08:00:00,LUX01,500.0
2024-01-20 08:00:00,OCCU01,0.0
2024-01-20 08:15:00,TEMP01,20.33
2024-01-20 08:15:00,LUX01,163.28
2024-01-20 08:15:00,OCCU01,0.0
2024-01-20 08:30:00,TEMP01,22.17
2024-01-20 08:30:00,LUX01,151.6
2024-01-20 08:30:00,OCCU01,0.0
2024-01-20 08:45:00,TEMP01,21.56
2024-01-20 08:45:00,LUX01,253.4
2024-01-20 08:45:00,OCCU01,0.0
2024-01-20 09:00:00,TEMP01,20.97
2024-01-20 09:00:00,LUX01,364.18
2024-01-20 09:00:00,OCCU01,0.0
2024-01-20 09:15:00,TEMP01,21.09
2024-01-20 09:15:00,LUX01,390.2
2024-01-20 09:15:00,OCCU01,0.0
2024-01-20 09:30:00,TEMP01,20.71
2024-01-20 09:30:00,LUX01,451.14
2024-01-20 09:30:00,OCCU01,1.0
2024-01-20 09:45:00,TEMP01,21.25
2024-01-20 09:45:00,LUX01,436.99
2024-01-20 09:45:00,OCCU01,0.0
2024-01-20 10:00:00,TEMP01,21.12
2024-01-20 10:00:00,LUX01,624.95
2024-01-20 10:00:00,OCCU01,0.0
2024-01-20 10:15:00,TEMP01,22.33
2024-01-20 10:15:00,LUX01,640.25
2024-01-20 10:15:00,OCCU01,0.0
2024-01-20 10:30:00,TEMP01,22.21
2024-01-20 10:30:00,LUX01,724.49
2024-01-20 10:30:00,OCCU01,0.0
2024-01-20 10:45:00,TEMP01,21.77
2024-01-20 10:45:00,LUX01,721.49
2024-01-20 10:45:00,OCCU01,0.0
2024-01-20 11:00:00,TEMP01,23.41
2024-01-20 11:00:00,LUX01,760.1
2024-01-20 11:00:00,OCCU01,0.0
2024-01-20 11:15:00,TEMP01,23.58
2024-01-20 11:15:00,LUX01,767.51
2024-01-20 11:15:00,OCCU01,0.0
2024-01-20 11:30:00,TEMP01,24.07
2024-01-20 11:30:00,LUX01,914.64
2024-01-20 11:30:00,OCCU01,0.0
2024-01-20 11:45:00,TEMP01,23.45
2024-01-20 11:45:00,LUX01,973.01
2024-01-20 11:45:00,OCCU01,0.0
2024-01-20 12:00:00,TEMP01,25.36
2024-01-20 12:00:00,LUX01,1001.78
2024-01-20 12:00:00,OCCU01,0.0
2024-01-20 12:15:00,TEMP01,22.56
2024-01-20 12:15:00,LUX01,908.39
2024-01-20 12:15:00,OCCU01,0.0
2024-01-20 12:30:00,TEMP01,23.53
2024-01-20 12:30:00,LUX01,988.99
2024-01-20 12:30:00,OCCU01,0.0
2024-01-20 12:45:00,TEMP01,24.45
2024-01-20 12:45:00,LUX01,960.63
2024-01-20 12:45:00,OCCU01,0.0
2024-01-20 13:00:00,TEMP01,24.6
2024-01-20 13:00:00,LUX01,962.23
2024-01-20 13:00:00,OCCU01,0.0
2024-01-20 13:15:00,TEMP01,23.96
2024-01-20 13:15:00,LUX01,926.58
2024-01-20 13:15:00,OCCU01,0.0
2024-01-20 13:30:00,TEMP01,23.71
2024-01-20 13:30:00,LUX01,920.1
2024-01-20 13:30:00,OCCU01,0.0
2024-01-20 13:45:00,TEMP01,23.67
2024-01-20 13:45:00,LUX01,1025.05
2024-01-20 13:45:00,OCCU01,0.0
2024-01-20 14:00:00,TEMP01,23.69
2024-01-20 14:00:00,LUX01,1082.68
2024-01-20 14:00:00,OCCU01,0.0
2024-01-20 14:15:00,TEMP01,24.84
2024-01-20 14:15:00,LUX01,933.12
2024-01-20 14:15:00,OCCU01,0.0
2024-01-20 14:30:00,TEMP01,23.76
2024-01-20 14:30:00,LUX01,926.02
2024-01-20 14:30:00,OCCU01,0.0
2024-01-20 14:45:00,TEMP01,23.99
2024-01-20 14:45:00,LUX01,858.74
2024-01-20 14:45:00,OCCU01,0.0
2024-01-20 15:00:00,TEMP01,26.08
2024-01-20 15:00:00,LUX01,804.21
2024-01-20 15:00:00,OCCU01,0.0
2024-01-20 15:15:00,TEMP01,24.95
2024-01-20 15:15:00,LUX01,725.25
2024-01-20 15:15:00,OCCU01,0.0
2024-01-20 15:30:00,TEMP01,24.0
2024-01-20 15:30:00,LUX01,795.65
2024-01-20 15:30:00,OCCU01,0.0
2024-01-20 15:45:00,TEMP01,23.53
2024-01-20 15:45:00,LUX01,740.07
2024-01-20 15:45:00,OCCU01,0.0
2024-01-20 16:00:00,TEMP01,23.82
2024-01-20 16:00:00,LUX01,559.66
2024-01-20 16:00:00,OCCU01,0.0
2024-01-20 16:15:00,TEMP01,23.76
2024-01-20 16:15:00,LUX01,571.13
2024-01-20 16:15:00,OCCU01,0.0
2024-01-20 16:30:00,TEMP01,23.75
2024-01-20 16:30:00,LUX01,375.48
2024-01-20 16:30:00,OCCU01,0.0
2024-01-20 16:45:00,TEMP01,22.67
2024-01-20 16:45:00,LUX01,370.31
2024-01-20 16:45:00,OCCU01,0.0
2024-01-20 17:00:00,TEMP01,22.14
2024-01-20 17:00:00,LUX01,340.05
2024-01-20 17:00:00,OCCU01,0.0
2024-01-20 17:15:00,TEMP01,22.34
2024-01-20 17:15:00,LUX01,166.68
2024-01-20 17:15:00,OCCU01,0.0
2024-01-20 17:30:00,TEMP01,22.5
2024-01-20 17:30:00,LUX01,186.96
2024-01-20 17:30:00,OCCU01,0.0
2024-01-20 17:45:00,TEMP01,22.64
2024-01-20 17:45:00,LUX01,132.5
2024-01-20 17:45:00,OCCU01,0.0
2024-01-20 18:00:00,TEMP01,21.67
2024-01-20 18:00:00,LUX01,500.0
2024-01-20 18:00:00,OCCU01,0.0
2024-01-20 18:15:00,TEMP01,21.37
2024-01-20 18:15:00,LUX01,437.5
2024-01-20 18:15:00,OCCU01,0.0
2024-01-20 18:30:00,TEMP01,20.94
2024-01-20 18:30:00,LUX01,375.0
2024-01-20 18:30:00,OCCU01,0.0
2024-01-20 18:45:00,TEMP01,19.67
2024-01-20 18:45:00,LUX01,312.5
2024-01-20 18:45:00,OCCU01,0.0
2024-01-20 19:00:00,TEMP01,19.34
2024-01-20 19:00:00,LUX01,250.0
2024-01-20 19:00:00,OCCU01,0.0
2024-01-20 19:15:00,TEMP01,19.17
2024-01-20 19:15:00,LUX01,187.5
2024-01-20 19:15:00,OCCU01,0.0
2024-01-20 19:30:00,TEMP01,19.22
2024-01-20 19:30:00,LUX01,125.0
2024-01-20 19:30:00,OCCU01,0.0
2024-01-20 19:45:00,TEMP01,17.98
2024-01-20 19:45:00,LUX01,62.5
2024-01-20 19:45:00,OCCU01,0.0
2024-01-20 20:00:00,TEMP01,18.14
2024-01-20 20:00:00,LUX01,0.0
2024-01-20 20:00:00,OCCU01,0.0
2024-01-20 20:15:00,TEMP01,19.84
2024-01-20 20:15:00,LUX01,0.0
2024-01-20 20:15:00,OCCU01,0.0
2024-01-20 20:30:00,TEMP01,18.97
2024-01-20 20:30:00,LUX01,0.0
2024-01-20 20:30:00,OCCU01,0.0
2024-01-20 20:45:00,TEMP01,19.55
2024-01-20 20:45:00,LUX01,0.0
2024-01-20 20:45:00,OCCU01,0.0
2024-01-20 21:00:00,TEMP01,19.02
2024-01-20 21:00:00,LUX01,0.0
2024-01-20 21:00:00,OCCU01,0.0
2024-01-20 21:15:00,TEMP01,19.02
2024-01-20 21:15:00,LUX01,0.0
2024-01-20 21:15:00,OCCU01,0.0
2024-01-20 21:30:00,TEMP01,19.75
2024-01-20 21:30:00,LUX01,0.0
2024-01-20 21:30:00,OCCU01,0.0
2024-01-20 21:45:00,TEMP01,18.59
2024-01-20 21:45:00,LUX01,0.0
2024-01-20 21:45:00,OCCU01,0.0
2024-01-20 22:00:00,TEMP01,19.08
2024-01-20 22:00:00,LUX01,0.0
2024-01-20 22:00:00,OCCU01,0.0
2024-01-20 22:15:00,TEMP01,18.63
2024-01-20 22:15:00,LUX01,0.0
2024-01-20 22:15:00,OCCU01,0.0
2024-01-20 22:30:00,TEMP01,18.65
2024-01-20 22:30:00,LUX01,0.0
2024-01-20 22:30:00,OCCU01,0.0
2024-01-20 22:45:00,TEMP01,18.75
2024-01-20 22:45:00,LUX01,0.0
2024-01-20 22:45:00,OCCU01,0.0
2024-01-20 23:00:00,TEMP01,19.18
2024-01-20 23:00:00,LUX01,0.0
2024-01-20 23:00:00,OCCU01,0.0
2024-01-20 23:15:00,TEMP01,18.62
2024-01-20 23:15:00,LUX01,0.0
2024-01-20 23:15:00,OCCU01,0.0
2024-01-20 23:30:00,TEMP01,20.0
2024-01-20 23:30:00,LUX01,0.0
2024-01-20 23:30:00,OCCU01,0.0
2024-01-20 23:45:00,TEMP01,18.28
2024-01-20 23:45:00,LUX01,0.0
2024-01-20 23:45:00,OCCU01,0.0
2024-01-21 00:00:00,TEMP01,18.85
2024-01-21 00:00:00,LUX01,0.0
2024-01-21 00:00:00,OCCU01,0.0
2024-01-21 00:15:00,TEMP01,18.65
2024-01-21 00:15:00,LUX01,0.0
2024-01-21 00:15:00,OCCU01,0.0
2024-01-21 00:30:00,TEMP01,20.16
2024-01-21 00:30:00,LUX01,0.0
2024-01-21 00:30:00,OCCU01,0.0
2024-01-21 00:45:00,TEMP01,19.16
2024-01-21 00:45:00,LUX01,0.0
2024-01-21 00:45:00,OCCU01,0.0
2024-01-21 01:00:00,TEMP01,19.83
2024-01-21 01:00:00,LUX01,0.0
2024-01-21 01:00:00,OCCU01,0.0
2024-01-21 01:15:00,TEMP01,17.81
2024-01-21 01:15:00,LUX01,0.0
2024-01-21 01:15:00,OCCU01,0.0
2024-01-21 01:30:00,TEMP01,19.21
2024-01-21 01:30:00,LUX01,0.0
2024-01-21 01:30:00,OCCU01,0.0
2024-01-21 01:45:00,TEMP01,19.71
2024-01-21 01:45:00,LUX01,0.0
2024-01-21 01:45:00,OCCU01,0.0
2024-01-21 02:00:00,TEMP01,19.07
2024-01-21 02:00:00,LUX01,0.0
2024-01-21 02:00:00,OCCU01,0.0
2024-01-21 02:15:00,TEMP01,19.85
2024-01-21 02:15:00,LUX01,0.0
2024-01-21 02:15:00,OCCU01,0.0
2024-01-21 02:30:00,TEMP01,18.59
2024-01-21 02:30:00,LUX01,0.0
2024-01-21 02:30:00,OCCU01,0.0
2024-01-21 02:45:00,TEMP01,20.13
2024-01-21 02:45:00,LUX01,0.0
2024-01-21 02:45:00,OCCU01,0.0
2024-01-21 03:00:00,TEMP01,20.84
2024-01-21 03:00:00,LUX01,0.0
2024-01-21 03:00:00,OCCU01,0.0
2024-01-21 03:15:00,TEMP01,18.71
2024-01-21 03:15:00,LUX01,0.0
2024-01-21 03:15:00,OCCU01,0.0
2024-01-21 03:30:00,TEMP01,18.64
2024-01-21 03:30:00,LUX01,0.0
2024-01-21 03:30:00,OCCU01,0.0
2024-01-21 03:45:00,TEMP01,20.16
2024-01-21 03:45:00,LUX01,0.0
2024-01-21 03:45:00,OCCU01,0.0
2024-01-21 04:00:00,TEMP01,20.26
2024-01-21 04:00:00,LUX01,0.0
2024-01-21 04:00:00,OCCU01,0.0
2024-01-21 04:15:00,TEMP01,18.58
2024-01-21 04:15:00,LUX01,0.0
2024-01-21 04:15:00,OCCU01,0.0
2024-01-21 04:30:00,TEMP01,18.66
2024-01-21 04:30:00,LUX01,0.0
2024-01-21 04:30:00,OCCU01,0.0
2024-01-21 04:45:00,TEMP01,18.77
2024-01-21 04:45:00,LUX01,0.0
2024-01-21 04:45:00,OCCU01,0.0
2024-01-21 05:00:00,TEMP01,17.92
2024-01-21 05:00:00,LUX01,0.0
2024-01-21 05:00:00,OCCU01,0.0
2024-01-21 05:15:00,TEMP01,18.27
2024-01-21 05:15:00,LUX01,0.0
2024-01-21 05:15:00,OCCU01,0.0
2024-01-21 05:30:00,TEMP01,18.2
2024-01-21 05:30:00,LUX01,0.0
2024-01-21 05:30:00,OCCU01,1.0
2024-01-21 05:45:00,TEMP01,18.39
2024-01-21 05:45:00,LUX01,0.0
2024-01-21 05:45:00,OCCU01,0.0
2024-01-21 06:00:00,TEMP01,18.97
2024-01-21 06:00:00,LUX01,0.0
2024-01-21 06:00:00,OCCU01,0.0
2024-01-21 06:15:00,TEMP01,19.19
2024-01-21 06:15:00,LUX01,62.5
2024-01-21 06:15:00,OCCU01,0.0
2024-01-21 06:30:00,TEMP01,20.24
2024-01-21 06:30:00,LUX01,125.0
2024-01-21 06:30:00,OCCU01,0.0
2024-01-21 06:45:00,TEMP01,18.2
2024-01-21 06:45:00,LUX01,187.5
2024-01-21 06:45:00,OCCU01,0.0
2024-01-21 07:00:00,TEMP01,22.79
2024-01-21 07:00:00,LUX01,250.0
2024-01-21 07:00:00,OCCU01,0.0
2024-01-21 07:15:00,TEMP01,21.83
2024-01-21 07:15:00,LUX01,312.5
2024-01-21 07:15:00,OCCU01,0.0
2024-01-21 07:30:00,TEMP01,21.96
2024-01-21 07:30:00,LUX01,375.0
2024-01-21 07:30:00,OCCU01,0.0
2024-01-21 07:45:00,TEMP01,22.54
2024-01-21 07:45:00,LUX01,437.5
2024-01-21 07:45:00,OCCU01,0.0
2024-01-21 08:00:00,TEMP01,21.1
2024-01-21 08:00:00,LUX01,500.0
2024-01-21 08:00:00,OCCU01,0.0
2024-01-21 08:15:00,TEMP01,22.31
2024-01-21 08:15:00,LUX01,86.78
2024-01-21 08:15:00,OCCU01,0.0
2024-01-21 08:30:00,TEMP01,22.39
2024-01-21 08:30:00,LUX01,170.89
2024-01-21 08:30:00,OCCU01,0.0
2024-01-21 08:45:00,TEMP01,23.96
2024-01-21 08:45:00,LUX01,201.56
2024-01-21 08:45:00,OCCU01,0.0
2024-01-21 09:00:00,TEMP01,20.58
2024-01-21 09:00:00,LUX01,277.86
2024-01-21 09:00:00,OCCU01,0.0
2024-01-21 09:15:00,TEMP01,20.56
2024-01-21 09:15:00,LUX01,350.81
2024-01-21 09:15:00,OCCU01,0.0
2024-01-21 09:30:00,TEMP01,21.95
2024-01-21 09:30:00,LUX01,525.02
2024-01-21 09:30:00,OCCU01,0.0
2024-01-21 09:45:00,TEMP01,20.54
2024-01-21 09:45:00,LUX01,480.88
2024-01-21 09:45:00,OCCU01,0.0
2024-01-21 10:00:00,TEMP01,22.57
2024-01-21 10:00:00,LUX01,560.17
2024-01-21 10:00:00,OCCU01,0.0
2024-01-21 10:15:00,TEMP01,22.7
2024-01-21 10:15:00,LUX01,659.59
2024-01-21 10:15:00,OCCU01,0.0
2024-01-21 10:30:00,TEMP01,20.98
2024-01-21 10:30:00,LUX01,784.48
2024-01-21 10:30:00,OCCU01,0.0
2024-01-21 10:45:00,TEMP01,23.63
2024-01-21 10:45:00,LUX01,729.77
2024-01-21 10:45:00,OCCU01,0.0
2024-01-21 11:00:00,TEMP01,22.94
2024-01-21 11:00:00,LUX01,823.31
2024-01-21 11:00:00,OCCU01,0.0
2024-01-21 11:15:00,TEMP01,23.52
2024-01-21 11:15:00,LUX01,885.57
2024-01-21 11:15:00,OCCU01,0.0
2024-01-21 11:30:00,TEMP01,24.86
2024-01-21 11:30:00,LUX01,882.16
2024-01-21 11:30:00,OCCU01,0.0
2024-01-21 11:45:00,TEMP01,22.61
2024-01-21 11:45:00,LUX01,854.91
2024-01-21 11:45:00,OCCU01,0.0
2024-01-21 12:00:00,TEMP01,23.45
2024-01-21 12:00:00,LUX01,949.4
2024-01-21 12:00:00,OCCU01,0.0
2024-01-21 12:15:00,TEMP01,25.47
2024-01-21 12:15:00,LUX01,946.49
2024-01-21 12:15:00,OCCU01,0.0
2024-01-21 12:30:00,TEMP01,24.21
2024-01-21 12:30:00,LUX01,986.87
2024-01-21 12:30:00,OCCU01,0.0
2024-01-21 12:45:00,TEMP01,24.98
2024-01-21 12:45:00,LUX01,1123.26
2024-01-21 12:45:00,OCCU01,0.0
2024-01-21 13:00:00,TEMP01,24.02
2024-01-21 13:00:00,LUX01,975.53
2024-01-21 13:00:00,OCCU01,0.0
2024-01-21 13:15:00,TEMP01,25.28
2024-01-21 13:15:00,LUX01,1031.01
2024-01-21 13:15:00,OCCU01,0.0
2024-01-21 13:30:00,TEMP01,25.92
2024-01-21 13:30:00,LUX01,1016.88
2024-01-21 13:30:00,OCCU01,0.0
2024-01-21 13:45:00,TEMP01,24.16
2024-01-21 13:45:00,LUX01,1001.9
2024-01-21 13:45:00,OCCU01,0.0
2024-01-21 14:00:00,TEMP01,25.33
2024-01-21 14:00:00,LUX01,992.08
2024-01-21 14:00:00,OCCU01,0.0
2024-01-21 14:15:00,TEMP01,24.85
2024-01-21 14:15:00,LUX01,977.21
2024-01-21 14:15:00,OCCU01,0.0
2024-01-21 14:30:00,TEMP01,25.38
2024-01-21 14:30:00,LUX01,960.11
2024-01-21 14:30:00,OCCU01,0.0
2024-01-21 14:45:00,TEMP01,24.97
2024-01-21 14:45:00,LUX01,844.28
2024-01-21 14:45:00,OCCU01,0.0
2024-01-21 15:00:00,TEMP01,24.15
2024-01-21 15:00:00,LUX01,869.34
2024-01-21 15:00:00,OCCU01,0.0
2024-01-21 15:15:00,TEMP01,23.38
2024-01-21 15:15:00,LUX01,778.84
2024-01-21 15:15:00,OCCU01,1.0
2024-01-21 15:30:00,TEMP01,23.72
2024-01-21 15:30:00,LUX01,708.54
2024-01-21 15:30:00,OCCU01,0.0
2024-01-21 15:45:00,TEMP01,25.05
2024-01-21 15:45:00,LUX01,659.0
2024-01-21 15:45:00,OCCU01,0.0
2024-01-21 16:00:00,TEMP01,23.29
2024-01-21 16:00:00,LUX01,519.79
2024-01-21 16:00:00,OCCU01,0.0
2024-01-21 16:15:00,TEMP01,23.85
2024-01-21 16:15:00,LUX01,554.77
2024-01-21 16:15:00,OCCU01,0.0
2024-01-21 16:30:00,TEMP01,24.98
2024-01-21 16:30:00,LUX01,438.6
2024-01-21 16:30:00,OCCU01,0.0
2024-01-21 16:45:00,TEMP01,23.43
2024-01-21 16:45:00,LUX01,395.15
2024-01-21 16:45:00,OCCU01,0.0
2024-01-21 17:00:00,TEMP01,23.46
2024-01-21 17:00:00,LUX01,304.25
2024-01-21 17:00:00,OCCU01,0.0
2024-01-21 17:15:00,TEMP01,22.42
2024-01-21 17:15:00,LUX01,263.84
2024-01-21 17:15:00,OCCU01,0.0
2024-01-21 17:30:00,TEMP01,22.35
2024-01-21 17:30:00,LUX01,134.11
2024-01-21 17:30:00,OCCU01,0.0
2024-01-21 17:45:00,TEMP01,22.35
2024-01-21 17:45:00,LUX01,132.14
2024-01-21 17:45:00,OCCU01,0.0
2024-01-21 18:00:00,TEMP01,20.18
2024-01-21 18:00:00,LUX01,500.0
2024-01-21 18:00:00,OCCU01,0.0
2024-01-21 18:15:00,TEMP01,21.11
2024-01-21 18:15:00,LUX01,437.5
2024-01-21 18:15:00,OCCU01,0.0
2024-01-21 18:30:00,TEMP01,20.44
2024-01-21 18:30:00,LUX01,375.0
2024-01-21 18:30:00,OCCU01,0.0
2024-01-21 18:45:00,TEMP01,21.96
2024-01-21 18:45:00,LUX01,312.5
2024-01-21 18:45:00,OCCU01,0.0
2024-01-21 19:00:00,TEMP01,17.78
2024-01-21 19:00:00,LUX01,250.0
2024-01-21 19:00:00,OCCU01,0.0
2024-01-21 19:15:00,TEMP01,18.55
2024-01-21 19:15:00,LUX01,187.5
2024-01-21 19:15:00,OCCU01,0.0
2024-01-21 19:30:00,TEMP01,19.3
2024-01-21 19:30:00,LUX01,125.0
2024-01-21 19:30:00,OCCU01,0.0
2024-01-21 19:45:00,TEMP01,20.25
2024-01-21 19:45:00,LUX01,62.5
2024-01-21 19:45:00,OCCU01,0.0
2024-01-21 20:00:00,TEMP01,18.95
2024-01-21 20:00:00,LUX01,0.0
2024-01-21 20:00:00,OCCU01,0.0
2024-01-21 20:15:00,TEMP01,18.56
2024-01-21 20:15:00,LUX01,0.0
2024-01-21 20:15:00,OCCU01,0.0
2024-01-21 20:30:00,TEMP01,20.5
2024-01-21 20:30:00,LUX01,0.0
2024-01-21 20:30:00,OCCU01,0.0
2024-01-21 20:45:00,TEMP01,17.84
2024-01-21 20:45:00,LUX01,0.0
2024-01-21 20:45:00,OCCU01,0.0
2024-01-21 21:00:00,TEMP01,17.24
2024-01-21 21:00:00,LUX01,0.0
2024-01-21 21:00:00,OCCU01,0.0
2024-01-21 21:15:00,TEMP01,19.35
2024-01-21 21:15:00,LUX01,0.0
2024-01-21 21:15:00,OCCU01,0.0
2024-01-21 21:30:00,TEMP01,18.6
2024-01-21 21:30:00,LUX01,0.0
2024-01-21 21:30:00,OCCU01,0.0
2024-01-21 21:45:00,TEMP01,18.18
2024-01-21 21:45:00,LUX01,0.0
2024-01-21 21:45:00,OCCU01,0.0
2024-01-21 22:00:00,TEMP01,19.57
2024-01-21 22:00:00,LUX01,0.0
2024-01-21 22:00:00,OCCU01,0.0
2024-01-21 22:15:00,TEMP01,19.2
2024-01-21 22:15:00,LUX01,0.0
2024-01-21 22:15:00,OCCU01,0.0
2024-01-21 22:30:00,TEMP01,18.55
2024-01-21 22:30:00,LUX01,0.0
2024-01-21 22:30:00,OCCU01,0.0
2024-01-21 22:45:00,TEMP01,17.98
2024-01-21 22:45:00,LUX01,0.0
2024-01-21 22:45:00,OCCU01,0.0
2024-01-21 23:00:00,TEMP01,19.7
2024-01-21 23:00:00,LUX01,0.0
2024-01-21 23:00:00,OCCU01,0.0
2024-01-21 23:15:00,TEMP01,19.52
2024-01-21 23:15:00,LUX01,0.0
2024-01-21 23:15:00,OCCU01,0.0
2024-01-21 23:30:00,TEMP01,18.92
2024-01-21 23:30:00,LUX01,0.0
2024-01-21 23:30:00,OCCU01,0.0
2024-01-21 23:45:00,TEMP01,20.48
2024-01-21 23:45:00,LUX01,0.0
2024-01-21 23:45:00,OCCU01,0.0
